pt_id,lon,lat,ref2020,ref2026,pt_id_true,stratum
1.0,4.36019781029512,6.3998226628885,1,1,1,3
2.0,3.4581096019823,6.43898920927611,0,0,2,4
3.0,2.81410737479701,6.42641279529843,1,1,3,4
4.0,3.87016682280792,6.47141839103282,1,0,4,2
5.0,3.53410707501881,6.43171285547474,1,1,5,1
6.0,4.34600442880603,6.38913271100747,1,1,6,2
7.0,4.22266574029642,6.3953310864679,1,0,7,4
8.0,4.16598204586848,6.42641279529843,0,0,8,4
9.0,3.61774022797034,6.47635912509548,0,0,9,4
1.0,3.78303024024833,6.45309275923678,1,1,10,1
11.0,4.42802061424615,6.36820196488749,0,0,11,4
12.0,2.78724774780184,6.40009215747373,0,0,12,4
1.3,3.60040274298683,6.47213704326012,1,1,13,2
1.4,3.58306525800332,6.44896050892983,1,1,14,4
1.5,3.59474335669688,6.44653505766271,1,1,15,2
16.0,3.80252368191372,6.47114889644759,0,0,16,4
1.7,3.00625701407018,6.43548577966804,1,1,17,2
1.8,2.90968812102733,6.4314433608895,1,0,18,2
1.9,2.81356838562654,6.39263614061554,1,1,19,3
20.0,3.39702416266217,6.45497922133343,0,0,20,4
2.1,3.17145719481976,6.44006718761705,1,1,21,1
22.0,3.8699871597511,6.48291682666955,0,0,22,4
2.3,4.17146176910161,6.43027555102015,1,1,23,1
24.0,2.79066134588149,6.38976153170636,0,0,24,3
25.0,3.66391363357408,6.46234540666322,0,0,25,4
2.6,3.85435647380742,6.46863361365205,1,0,26,2
2.7,3.28123132253917,6.42272970263354,1,1,27,3
2.8,3.62456742412965,6.46342338500416,1,1,28,4
29.0,3.28814835022689,6.43108403477586,0,0,29,2
3.0,2.94562073239211,6.42335852333243,1,1,30,2
3.1,3.45379768861853,6.42290936569037,1,1,31,4
3.2,3.04443541364526,6.43880954621928,1,1,32,1
3.3,4.47608048194654,6.35939847510312,1,1,33,3
3.4,4.3299245852203,6.40503289153639,1,1,34,2
35.0,2.72993523267502,6.39290563520078,0,0,35,4
3.6,3.53886814602464,6.45309275923678,0,0,36,2
3.7,4.01524474119323,6.4359349373101,1,1,37,2
3.8,3.24664618410056,6.43602476883851,1,1,38,2
39.0,4.468983791202,6.3321795219943,0,0,39,4
40.0,3.55144456000232,6.45147579172537,0,0,40,4
4.1,3.05081345216251,6.42793993128144,1,1,41,2
4.2,4.4374529247294,6.36281207318277,1,1,42,1
43.0,4.32453469351558,6.41608216953106,0,0,43,3
44.0,3.58944329652057,6.46504035251557,0,0,44,4
45.0,2.81060394518895,6.39703788550773,0,0,45,4
4.6,3.78563535457228,6.44033668220229,1,0,46,2
4.7,3.78698282749846,6.48354564736844,1,1,47,1
48.0,3.54246140716112,6.44294179652623,0,0,48,4
49.0,3.61405713530545,6.44231297582735,0,0,49,3
5.0,4.47104991635547,6.37817326454122,1,1,50,1
5.1,3.59321622071388,6.45300292770837,1,1,51,2
5.2,4.25590340580885,6.39676839092249,1,1,52,1
5.3,3.64729480081787,6.45138596019696,1,1,53,1
5.4,4.46467187783822,6.38014955816628,1,1,54,1
5.5,3.29407723110207,6.42093307206531,1,1,55,1
5.6,4.31555154067438,6.37772410689916,1,0,56,2
5.7,4.24090154056405,6.3908395100473,0,1,57,3
5.8,3.0823443186351,6.43638409495216,1,1,58,2
5.9,2.83791272982618,6.40853632114446,1,1,59,1
6.0,3.55988872367304,6.44967916115713,1,1,60,2
6.1,4.20919101103463,6.41293806603664,1,0,61,3
62.0,3.19822699028652,6.44967916115713,0,0,62,4
6.3,2.82713294641675,6.40386508166703,0,1,63,2
6.4,3.86675322472827,6.47474215758406,1,0,64,2
6.5,2.84339245305931,6.44545707932177,1,1,65,2
6.6,3.30512650909674,6.44150449207164,1,0,66,4
67.0,3.23658505291843,6.43988752456023,0,0,67,4
68.0,2.88273866250375,6.42281953416196,0,0,68,2
6.9,4.19122470535224,6.39964299983167,1,1,69,2
7.0,4.14442247904961,6.41078210935475,1,1,70,3
71.0,3.43367542625425,6.41662115870153,0,0,71,4
7.2,3.83980376620468,6.45479955827661,1,0,72,2
7.3,3.86558541485891,6.45524871591867,1,1,73,1
7.4,3.70712259874023,6.45210461242425,1,1,74,2
7.5,2.8260549680758,6.42596363765637,1,1,75,1
7.6,3.79650496951012,6.44734354141842,1,1,76,1
7.7,3.10839546187457,6.44159432360005,1,1,77,1
7.8,3.75976387438963,6.46054877609498,1,1,78,2
7.9,2.81258023881401,6.41006345712746,1,1,79,1
80.0,4.37726580069339,6.39263614061554,0,0,80,2
8.1,2.90564570224879,6.41527368577535,1,1,81,3
8.2,3.85741074577343,6.46405220570304,1,1,82,1
8.3,2.94571056392052,6.39793620079185,1,1,83,3
8.4,3.51479329641024,6.42560431154273,1,1,84,3
85.0,2.79120033505197,6.39784636926343,0,0,85,2
8.6,3.27126002288544,6.44482825862288,1,1,86,1
8.7,2.97688210427947,6.41554318036059,1,1,87,2
88.0,3.02628944490605,6.40404474472386,0,0,88,2
8.9,4.47751778640113,6.37395118270585,1,1,89,1
9.0,3.63229293557307,6.43557561119645,1,1,90,1
9.1,3.07920021514069,6.42479582778702,1,1,91,1
9.2,3.79650496951012,6.45264360159472,1,1,92,1
93.0,4.09600328523557,6.41230924533776,0,0,93,4
94.0,3.66041020396602,6.44527741626494,0,0,94,4
95.0,3.3123130313697,6.4088956472581,0,0,95,2
96.0,4.03949925386445,6.43925870386134,0,0,96,4
97.0,3.4280160399643,6.42452633320178,0,0,97,4
9.8,3.85669209354613,6.46099793373704,1,1,98,2
9.9,2.71080111712327,6.38544961834258,0,1,99,4
1.0,4.30010051778753,6.40440407083751,1,1,100,1
1.01,4.32947542757824,6.37907157982534,1,0,101,2
1.02,2.92981038339161,6.40934480490016,0,0,102,4
1.03,2.99556706218916,6.39766670620661,1,0,103,2
1.04,4.4915315048334,6.36119510567136,1,1,104,1
1.05,2.84761453489467,6.39497176035425,1,0,105,4
1.06,2.93897319928963,6.43261117075886,0,0,106,4
1.07,3.61944702701017,6.4517452863106,1,1,107,2
1.08,3.05485587094105,6.42479582778702,1,1,108,1
1.09,2.97266002244411,6.39811586384867,1,1,109,2
1.1,3.61001471652691,6.44536724779336,1,1,110,2
1.11,3.89001959058697,6.44653505766271,1,0,111,2
1.12,2.88426579848675,6.42856875198032,1,1,112,2
1.13,4.06105882068332,6.44455876403765,0,0,113,3
1.14,3.57704654559972,6.45551821050391,0,0,114,4
1.15,4.08971507824674,6.41742964245724,0,0,115,4
1.16,4.43341050595086,6.35266111047222,1,1,116,1
1.17,4.36864197396585,6.38122753650722,1,1,117,3
1.18,2.72786910752154,6.42290936569037,1,1,118,1
1.19,3.45667229752771,6.44617573154906,0,0,119,4
1.2,3.77485557116284,6.48264733208432,1,1,120,2
1.21,3.66993234597768,6.44500792167971,1,0,121,2
1.22,3.29883830210791,6.44033668220229,1,1,122,3
1.23,4.3374704336069,6.41590250647424,1,1,123,1
1.24,4.34133318932861,6.38140719956405,1,1,124,1
1.25,3.60516381399266,6.43234167617362,1,0,125,2
1.26,4.37106742523297,6.40251760874085,1,1,126,1
1.27,3.82255611274959,6.46135725985068,1,1,127,2
1.28,3.86863968682492,6.48282699514114,0,0,128,3
1.29,3.51775773684784,6.46315389041892,0,0,129,2
1.3,2.83926020275236,6.44204348124211,0,0,130,4
1.31,4.17352789425509,6.43270100228727,1,1,131,1
1.32,3.30656381355134,6.43279083381568,1,0,132,2
1.33,3.46430797744272,6.43126369783268,0,0,133,4
1.34,4.16283794237406,6.4028769348545,1,1,134,3
1.35,3.20586267020154,6.44599606849224,1,1,135,1
1.36,4.09519480147986,6.42713144752573,0,0,136,3
1.37,2.95262759160824,6.43773156787834,0,0,137,4
1.38,3.81366279143681,6.47007091810664,1,1,138,2
1.39,2.91561700190252,6.43611460036692,0,0,139,2
1.4,3.851212370313,6.46063860762339,1,1,140,3
1.41,3.46520629272684,6.45947079775403,0,0,141,4
1.42,4.22374371863737,6.43099420324744,1,1,142,1
1.43,3.65493048073289,6.45749450412897,1,1,143,1
1.44,4.41212043371723,6.38230551484817,0,0,144,4
1.45,3.08890202020918,6.40494306000798,1,1,145,1
1.46,2.88776922809482,6.42713144752573,1,1,146,4
1.47,2.88219967333327,6.41796863162771,1,1,147,2
1.48,3.13166182773327,6.43782139940675,0,1,148,1
1.49,3.21215087719037,6.44860118281619,1,0,149,2
1.5,4.33567380303866,6.38023938969469,1,0,150,2
1.51,3.70640394651293,6.44994865574237,0,0,151,2
1.52,3.09177662911836,6.42865858350873,0,0,152,1
1.53,2.72643180306695,6.4404265137307,1,1,153,1
1.54,3.78231158802103,6.4600097869245,1,1,154,1
1.55,3.85884805022802,6.46800479295317,1,1,155,1
1.56,2.95145978173889,6.43413830674186,1,1,156,2
1.57,3.74179756870724,6.45542837897549,1,1,157,1
1.58,4.41149161301835,6.37835292759804,0,1,158,1
1.59,3.06671363269142,6.40638036446257,0,0,159,3
1.6,2.73703192341956,6.38419197694482,0,0,160,3
1.61,3.76084185273058,6.45542837897549,1,1,161,1
1.62,2.99673487205851,6.42865858350873,1,1,162,2
1.63,3.85929720787008,6.47761676649325,1,1,163,2
1.64,3.86289046900656,6.44366044875353,1,0,164,2
1.65,2.74601507626075,6.39012085782001,1,1,165,2
1.66,4.24018288833676,6.40108030428626,0,0,166,3
1.67,3.62259113050458,6.42533481695749,1,0,167,2
1.68,3.79345069754412,6.45713517801532,1,0,168,3
1.69,2.92756459518131,6.40045148358738,1,1,169,3
1.7,3.57767536629861,6.44473842709447,1,1,170,1
1.71,4.1811635741701,6.43000605643491,1,1,171,1
1.72,3.63543703906749,6.46252506972004,1,0,172,4
1.73,3.32632674980197,6.42102290359372,0,1,173,3
1.74,3.61863854325446,6.47599979898183,0,0,174,4
1.75,3.62079449993634,6.45282326465155,1,1,175,4
1.76,2.82560581043374,6.43180268700315,1,1,176,4
1.77,4.25805936249073,6.38688692279718,0,1,177,2
1.78,3.66714756859691,6.45569787356073,1,1,178,2
1.79,2.94436309099434,6.43252133923045,0,0,179,4
1.8,3.76039269508852,6.46153692290751,1,1,180,2
1.81,4.33621279220913,6.38077837886516,0,0,181,3
1.82,4.3059395671343,6.41581267494582,0,0,182,3
1.83,4.20496892919927,6.41230924533776,1,1,183,3
1.84,4.06285545125156,6.44554691085018,1,0,184,2
1.85,3.61504528211798,6.4524639385379,1,0,185,4
1.86,3.86046501773943,6.47932356553307,0,0,186,4
1.87,2.82129389706997,6.42865858350873,0,0,187,3
1.88,2.93906303081804,6.42147206123578,1,1,188,2
1.89,4.27575617358789,6.41599233800265,1,1,189,1
1.9,2.77197638797181,6.40045148358738,0,0,190,3
1.91,2.75293210394848,6.43710274717946,0,0,191,4
1.92,3.17801489639383,6.42964673032126,1,1,192,1
1.93,2.81509552160955,6.4028769348545,0,0,193,4
1.94,4.36567753352825,6.39182765685983,1,1,194,2
1.95,4.28536814712797,6.38284450401864,0,0,195,1
1.96,4.28869191367921,6.42686195294049,1,1,196,1
1.97,2.94211730278405,6.415633011889,0,0,197,4
1.98,2.80054281400681,6.44860118281619,1,0,198,1
1.99,2.97607362052376,6.42883824656556,1,1,199,2
2.0,4.17451604106762,6.41096177241158,0,0,200,3
2.01,2.82434816903598,6.43539594813963,1,1,201,2
2.02,4.21026898937557,6.39578024410996,1,0,202,3
2.03,2.72418601485665,6.42048391442325,0,1,203,2
2.04,3.1777454018086,6.44527741626494,1,1,204,1
2.05,4.42343920629714,6.37952073746739,0,0,205,2
2.06,2.77422217618211,6.38473096611529,0,0,206,4
2.07,3.23595623221954,6.41159059311046,1,1,207,1
2.08,2.77997139400047,6.38715641738241,0,1,208,3
2.09,3.58243643730444,6.45417073757773,1,0,209,2
2.1,3.49161676207996,6.42811959433826,0,0,210,4
2.11,3.15986892765462,6.40386508166703,0,0,211,4
2.12,3.87843132342182,6.44985882421395,1,1,212,1
2.13,2.79605123758621,6.43252133923045,1,1,213,1
2.14,3.24934112995292,6.44258247041259,1,1,214,2
2.15,4.20281297251738,6.39829552690549,0,0,215,3
2.16,2.76110677303396,6.41617200105947,1,1,216,1
2.17,2.7801510570573,6.43979769303182,1,0,217,3
2.18,3.11621080484641,6.41814829468453,1,1,218,2
2.19,4.3660368596419,6.39811586384867,0,0,219,4
2.2,3.10866495645981,6.445726573907,0,1,220,1
2.21,4.18709245504529,6.39784636926343,1,1,221,3
2.22,2.81437686938225,6.40817699503081,1,1,222,1
2.23,2.83584660467271,6.415633011889,1,1,223,1
2.24,4.44445978394553,6.36990876392732,0,0,224,1
2.25,4.37555900165357,6.39092934157571,0,0,225,4
2.26,3.02709792866175,6.4366535895374,1,1,226,1
2.27,4.02216176888095,6.4283890889235,0,0,227,4
2.28,3.21044407815055,6.40620070140575,1,1,228,1
2.29,4.30953282827078,6.39389378201331,1,0,229,3
2.3,3.26955322384561,6.43755190482152,0,0,230,4
2.31,4.411850939132,6.35239161588699,0,0,231,4
2.32,4.20254347793215,6.41527368577535,1,1,232,1
2.33,4.37286405580121,6.38239534637658,1,1,233,1
2.34,4.25320845995649,6.41087194088317,1,0,234,3
2.35,4.10498643807677,6.44024685067387,1,1,235,1
2.36,3.78743198514052,6.47851508177737,1,0,236,3
2.37,4.06950298435405,6.42380768097449,1,1,237,3
2.38,2.97849907179089,6.41078210935475,1,1,238,2
2.39,3.74961291167908,6.46908277129411,1,1,239,2
2.4,4.0691436582404,6.43629426342375,1,1,240,1
2.41,3.82129847135182,6.44581640543542,1,1,241,2
2.42,3.04811850631015,6.41931610455389,0,0,242,3
2.43,2.78104937234142,6.43243150770204,0,0,243,2
2.44,4.38642861659141,6.36281207318277,0,0,244,2
2.45,4.04390099875664,6.45902164011197,1,1,245,3
2.46,3.29569419861349,6.42776026822461,1,0,246,2
2.47,4.21206561994381,6.4013497988715,0,1,247,2
2.48,2.95909546165391,6.42829925739509,1,1,248,2
2.49,3.67640021602334,6.444199437924,0,1,249,2
2.5,3.66562043261391,6.44330112263988,1,0,250,2
2.51,4.42864943494503,6.34754071335274,0,0,251,4
2.52,3.08503926448746,6.43180268700315,1,1,252,1
2.53,3.46888938539173,6.4246161647302,0,0,253,4
2.54,4.20999949479034,6.415633011889,0,1,254,2
2.55,3.22400863894075,6.41671099022994,1,1,255,1
2.56,4.05378246688195,6.42578397459955,0,0,256,3
2.57,3.24790382549833,6.43386881215663,0,0,257,2
2.58,3.1236668217046,6.43126369783268,1,1,258,1
2.59,4.41256959135929,6.38473096611529,1,0,259,2
2.6,3.58800599206598,6.45524871591867,1,1,260,2
2.61,3.38633421078115,6.41311772909347,1,1,261,3
2.62,3.77952681064026,6.46953192893617,1,0,262,2
2.63,2.80719034710929,6.4306348771338,1,1,263,2
2.64,4.07480304453035,6.41383638132076,1,1,264,4
2.65,4.21853348998947,6.41742964245724,1,1,265,2
2.66,4.20335196168785,6.39802603232026,0,0,266,3
2.67,4.48075172142396,6.36784263877384,1,1,267,1
2.68,2.93304431841444,6.42255003957672,1,1,268,2
2.69,2.72643180306695,6.40386508166703,1,1,269,1
2.7,3.42199732756069,6.41248890839458,0,0,270,4
2.71,2.87932506442409,6.40754817433192,0,1,271,1
2.72,4.32758896548158,6.38149703109246,1,1,272,2
2.73,4.2765646573436,6.39775653773502,0,0,273,4
2.74,3.07821206832815,6.4194059360823,0,0,274,4
2.75,2.99197380105268,6.40054131511579,1,0,275,1
2.76,3.00976044367825,6.42668228988367,1,0,276,4
2.77,3.21852891570762,6.40602103834892,0,0,277,3
2.78,3.23649522139001,6.44923000351507,0,0,278,4
2.79,4.44499877311601,6.36335106235324,1,1,279,1
2.8,4.15008186533957,6.42443650167337,0,1,280,2
2.81,3.28401609991994,6.41608216953106,1,1,281,2
2.82,4.31653968748691,6.38194618873452,1,1,282,1
2.83,3.45227055263552,6.42973656184968,0,0,283,4
2.84,3.85732091424501,6.46701664614064,0,1,284,3
2.85,4.14900388699862,6.42479582778702,1,0,285,1
2.86,3.2446698904755,6.43117386630427,1,0,286,2
2.87,2.73128270560119,6.42497549084384,1,1,287,1
2.88,4.27728330957089,6.41051261476952,1,1,288,1
2.89,3.765513092208,6.47294552701583,1,1,289,2
2.9,3.00077729083705,6.43045521407697,0,1,290,2
2.91,3.0274572547754,6.42650262682685,1,1,291,3
2.92,3.72185496939979,6.43036538254856,1,1,292,2
2.93,3.29946712280679,6.40718884821828,0,0,293,4
2.94,4.10417795432106,6.42084324053689,1,1,294,2
2.95,2.99978914402452,6.44473842709447,1,0,295,2
2.96,3.57354311599166,6.45129612866855,1,1,296,3
2.97,3.66867470457992,6.4314433608895,0,1,297,1
2.98,3.4491264491411,6.41626183258788,0,0,298,4
2.99,4.10381862820741,6.42120256665054,0,1,299,2
3.0,2.92882223657908,6.43162302394633,1,1,300,2
