zone,distance,spec,estimate,ci_low,ci_high,p_cluster,p_wild_bootstrap,treated_units,control_units
F,Footprint,A: Unmatched (all segments),62.50311983974058,53.75331786663162,71.25292181284954,1.5421612002365816e-44,,34,85
F,Footprint,B: Matched (common support),64.3978582450145,50.52616393815027,78.26955255187875,9.123172550698051e-20,0.002,21,13
F,Footprint,C: All segments + baseline covariate trends,63.560268246233754,43.352446100142934,83.76809039232458,7.06019779902829e-10,,34,85
B1,0–500 m,A: Unmatched (all segments),11.694886226162065,8.010280713529898,15.379491738794233,4.943168198841631e-10,,42,110
B1,0–500 m,B: Matched (common support),6.547130040815039,2.357515680659491,10.736744400970586,0.0021924364341317257,0.004,22,21
B1,0–500 m,C: All segments + baseline covariate trends,8.955750164254107,4.258751129985991,13.652749198522223,0.0001861875698347372,,42,110
B2,500 m–1 km,A: Unmatched (all segments),6.225642986728888,3.1590446322264043,9.292241341231371,6.920183247529165e-05,,42,109
B2,500 m–1 km,B: Matched (common support),3.027476732108682,-0.3967796069616485,6.451733071179013,0.08312115141928098,0.068,22,20
B2,500 m–1 km,C: All segments + baseline covariate trends,0.5805033191332958,-3.9527117661075213,5.113718404374113,0.8018262844764273,,42,109
B3,1–5 km,A: Unmatched (all segments),6.930192337708893,5.2077416305568125,8.652643044860973,3.1248960884021913e-15,,47,110
B3,1–5 km,B: Matched (common support),1.0461780357811872,-2.026399239890143,4.118755311452517,0.5045513335739934,0.48,22,21
B3,1–5 km,C: All segments + baseline covariate trends,1.3675957664518696,-0.7274673910417846,3.462658923945524,0.20075377372911474,,47,110
