zone,spec,year,estimate,ci_low,ci_high
F,A: Unmatched (all segments),2021,-11.438724618673419,-16.005797671088153,-6.871651566258683
F,A: Unmatched (all segments),2022,-6.1726477700804425,-11.026520990370347,-1.3187745497905379
F,A: Unmatched (all segments),2023,-7.61171704829928,-12.984451802092487,-2.238982294506072
F,A: Unmatched (all segments),2024,0.0,0.0,0.0
F,A: Unmatched (all segments),2025,35.39233894862336,21.961760984297303,48.822916912949424
F,A: Unmatched (all segments),2026,74.61678306462997,68.67156665003662,80.56199947922332
F,B: Matched (common support),2021,-10.41448782289854,-27.471530371693245,6.642554725896165
F,B: Matched (common support),2022,-11.77792136181445,-28.787321194402363,5.231478470773464
F,B: Matched (common support),2023,-13.630117068888673,-29.58824952667974,2.328015388902392
F,B: Matched (common support),2024,0.0,0.0,0.0
F,B: Matched (common support),2025,43.84453094316401,24.892863669517823,62.7961982168102
F,B: Matched (common support),2026,60.258890650478556,45.11740050289522,75.40038079806189
F,C: All segments + baseline covariate trends,2021,-9.978683519164862,-16.47690416917804,-3.4804628691516832
F,C: All segments + baseline covariate trends,2022,-4.454171962247275,-16.31474329043847,7.40639936594392
F,C: All segments + baseline covariate trends,2023,-1.238597935361446,-13.778609741087712,11.30141387036482
F,C: All segments + baseline covariate trends,2024,0.0,0.0,0.0
F,C: All segments + baseline covariate trends,2025,52.69377533798303,32.71398022494863,72.67357045101743
F,C: All segments + baseline covariate trends,2026,67.32580292072426,52.94781403881027,81.70379180263824
B1,A: Unmatched (all segments),2021,-12.301407323784208,-15.720587719679834,-8.882226927888581
B1,A: Unmatched (all segments),2022,-3.628638743526029,-7.21549469164825,-0.04178279540380814
B1,A: Unmatched (all segments),2023,-1.0333921819131806,-5.488965568362061,3.4221812045356996
B1,A: Unmatched (all segments),2024,0.0,0.0,0.0
B1,A: Unmatched (all segments),2025,5.067622449802464,-0.06714841905184077,10.202393318656767
B1,A: Unmatched (all segments),2026,12.121990998219612,6.544299237040943,17.699682759398282
B1,B: Matched (common support),2021,-8.336777659723204,-11.968919375093511,-4.704635944352896
B1,B: Matched (common support),2022,-8.648259925369384,-13.389660636443557,-3.9068592142952117
B1,B: Matched (common support),2023,-5.6317759908102305,-8.946727382994,-2.316824598626461
B1,B: Matched (common support),2024,0.0,0.0,0.0
B1,B: Matched (common support),2025,-2.5305346386268814,-6.650807893290836,1.5897386160370734
B1,B: Matched (common support),2026,3.8127097739156177,-2.0335529520680575,9.658972499899292
B1,C: All segments + baseline covariate trends,2021,-8.07332987514198,-11.628670019836921,-4.517989730447038
B1,C: All segments + baseline covariate trends,2022,-5.116791221004477,-9.512506087125153,-0.7210763548838006
B1,C: All segments + baseline covariate trends,2023,-2.6720657769862663,-7.329476980761773,1.98534542678924
B1,C: All segments + baseline covariate trends,2024,0.0,0.0,0.0
B1,C: All segments + baseline covariate trends,2025,3.1752797093548253,-1.979949314791316,8.330508733500967
B1,C: All segments + baseline covariate trends,2026,8.280910857334352,2.730698071345719,13.831123643322984
B2,A: Unmatched (all segments),2021,-7.382715494031558,-11.15587066809565,-3.6095603199674655
B2,A: Unmatched (all segments),2022,-3.148889584588516,-8.44983628192897,2.1520571127519386
B2,A: Unmatched (all segments),2023,-1.5657606947716587,-6.962755371227614,3.8312339816842957
B2,A: Unmatched (all segments),2024,0.0,0.0,0.0
B2,A: Unmatched (all segments),2025,3.147741999643231,-2.8677733750618444,9.163257374348307
B2,A: Unmatched (all segments),2026,5.755468148060388,-0.42783122072026103,11.938767516841038
B2,B: Matched (common support),2021,-3.140569237053079,-5.661001461164213,-0.6201370129419455
B2,B: Matched (common support),2022,-4.326892904541451,-8.508216136505736,-0.14556967257716558
B2,B: Matched (common support),2023,-3.645818993060026,-8.07737922839813,0.785741242278077
B2,B: Matched (common support),2024,0.0,0.0,0.0
B2,B: Matched (common support),2025,-1.1065181870995384,-6.5400048739579155,4.32696849975884
B2,B: Matched (common support),2026,0.6639798867779676,-4.9973902070036536,6.325349980559589
B2,C: All segments + baseline covariate trends,2021,-1.7377978002021273,-5.960267565960987,2.484671965556733
B2,C: All segments + baseline covariate trends,2022,-1.4162473365217425,-6.524044420114079,3.691549747070594
B2,C: All segments + baseline covariate trends,2023,-2.644564533297752,-7.99844762349106,2.7093185568955565
B2,C: All segments + baseline covariate trends,2024,0.0,0.0,0.0
B2,C: All segments + baseline covariate trends,2025,-0.5026131811797575,-6.731244026614063,5.726017664254548
B2,C: All segments + baseline covariate trends,2026,-0.4730195062398094,-7.188562190818276,6.242523178338658
B3,A: Unmatched (all segments),2021,-1.4119435786539436,-4.093346982847679,1.2694598255397918
B3,A: Unmatched (all segments),2022,13.194670152216075,9.381809880895974,17.007530423536178
B3,A: Unmatched (all segments),2023,15.155095591662173,11.423838324440846,18.886352858883498
B3,A: Unmatched (all segments),2024,0.0,0.0,0.0
B3,A: Unmatched (all segments),2025,17.067899380513087,13.267315861847319,20.868482899178854
B3,A: Unmatched (all segments),2026,19.07262628169758,15.4239884662913,22.72126409710386
B3,B: Matched (common support),2021,3.8300228402228855,-1.0237637736890042,8.683809454134774
B3,B: Matched (common support),2022,7.648718279393691,3.7936615007046073,11.503775058082775
B3,B: Matched (common support),2023,7.932937414908631,3.410065481230056,12.455809348587206
B3,B: Matched (common support),2024,0.0,0.0,0.0
B3,B: Matched (common support),2025,7.524410045888841,2.6818269266081014,12.36699316516958
B3,B: Matched (common support),2026,8.058256032071569,2.610553419833029,13.505958644310109
B3,C: All segments + baseline covariate trends,2021,1.2577251499943736,-2.2575315125366724,4.772981812525419
B3,C: All segments + baseline covariate trends,2022,7.288327313294359,3.5118164046185085,11.06483822197021
B3,C: All segments + baseline covariate trends,2023,8.142314579486932,4.706698011413632,11.577931147560232
B3,C: All segments + baseline covariate trends,2024,0.0,0.0,0.0
B3,C: All segments + baseline covariate trends,2025,7.319438836107261,3.8356723058934623,10.803205366321059
B3,C: All segments + baseline covariate trends,2026,7.665914702126052,4.363040001732375,10.968789402519729
