landscape,metric,term,estimate,ci_low,ci_high,p,n_S1,n_ctrl
corridor,PLAND,Before construction (2020→2024),-7.633364451943656,-13.182656388022338,-2.0840725158649755,0.007016899793373295,22,21
corridor,PLAND,Construction (2024→2026),-8.648356537534186,-12.620941538617267,-4.675771536451105,1.9824273969469922e-05,22,21
corridor,PD,Before construction (2020→2024),2.542536713980433,-1.0100871029461826,6.095160530907049,0.16070506103245352,22,21
corridor,PD,Construction (2024→2026),1.2587443855753264,-0.8405370132440177,3.3580257843946706,0.23991124989983204,22,21
corridor,MPA,Before construction (2020→2024),-15.468559418188722,-29.646374014666055,-1.2907448217113888,0.03248440333446817,22,21
corridor,MPA,Construction (2024→2026),-7.139913061815661,-15.82615620815406,1.5463300845227375,0.10716881410918463,22,21
corridor,ED,Before construction (2020→2024),23.170477827584794,-0.1095502334858729,46.45050588865546,0.051087879697651904,22,21
corridor,ED,Construction (2024→2026),11.190133765410913,-4.429355283198493,26.80962281402032,0.16027125924958108,22,21
corridor,LPI,Before construction (2020→2024),-6.988136648307166,-12.924713871285963,-1.0515594253283682,0.021047191503497084,22,21
corridor,LPI,Construction (2024→2026),-14.556188529747534,-20.40383539073385,-8.708541668761217,1.0672343918191296e-06,22,21
B2,PLAND,Before construction (2020→2024),-5.96786081909123,-11.04311371872685,-0.8926079194556094,0.021184961021044058,22,20
B2,PLAND,Construction (2024→2026),-3.7992797183977083,-8.008646721533054,0.41008728473763734,0.07689065597363488,22,20
B2,PD,Before construction (2020→2024),0.9783045057130219,-1.2641757929458999,3.2207848043719434,0.39252129133639313,22,20
B2,PD,Construction (2024→2026),-1.516945914962759,-5.341051600762689,2.3071597708371705,0.43687660573474285,22,20
B2,MPA,Before construction (2020→2024),-7.396590221947381,-15.40640823963234,0.6132277957375774,0.07030973127972108,22,20
B2,MPA,Construction (2024→2026),-1.5241539459218187,-9.153101295426886,6.104793403583248,0.6953740275124889,22,20
B2,ED,Before construction (2020→2024),38.86149059528252,14.262531746053213,63.46044944451182,0.0019591531236725847,22,20
B2,ED,Construction (2024→2026),-7.798967764365203,-26.73369231138843,11.135756782658026,0.41950300885978165,22,20
B2,LPI,Before construction (2020→2024),-9.5429822822666,-16.892284071990048,-2.1936804925431517,0.010928078189502777,22,20
B2,LPI,Construction (2024→2026),-4.257743523466206,-8.85196435191548,0.3364773049830676,0.06930632438401331,22,20
B3,PLAND,Before construction (2020→2024),-5.475072542111764,-11.131757717779244,0.18161263355571666,0.05782296351285457,22,21
B3,PLAND,Construction (2024→2026),-0.43195890327094655,-1.7231395687593776,0.8592217622174845,0.5120187982676159,22,21
B3,PD,Before construction (2020→2024),3.0157422713997666,0.6142926212342021,5.4171919215653315,0.013842520234197539,22,21
B3,PD,Construction (2024→2026),-0.011749849334863421,-1.1507015658981223,1.1272018672283957,0.9838680991146951,22,21
B3,MPA,Before construction (2020→2024),-1.2599924425241946,-7.0151121024661265,4.495127217417737,0.667848181062547,22,21
B3,MPA,Construction (2024→2026),0.4682830149078893,-1.0155005047709447,1.9520665345867234,0.5362023916700085,22,21
B3,ED,Before construction (2020→2024),25.134097724031683,3.5672750160349125,46.700920432028454,0.022362531038969288,22,21
B3,ED,Construction (2024→2026),-5.705694070496379,-14.278337006664835,2.866948865672076,0.19206545789461016,22,21
B3,LPI,Before construction (2020→2024),-5.662383635805821,-12.15539636459166,0.8306290929800193,0.08740790198859172,22,21
B3,LPI,Construction (2024→2026),-1.5361268437048747,-3.778665773723678,0.7064120863139287,0.17941301279958255,22,21
