landscape,year,group,n,PLAND,PD,MPA,ED,LPI
corridor,2020,Section 1,22,70.96059143946204,4.1070940608859825,29.77175757575758,69.26592737036843,66.13059338880932
corridor,2020,Matched controls,21,43.527617181651934,9.120539771628422,13.1539922274695,149.12111268470733,35.174841579180814
corridor,2024,Section 1,22,61.72093516371028,5.428058144155377,16.83456027714116,97.84598236716077,57.93948122239532
corridor,2024,Matched controls,21,41.92132535784393,7.8989671409173985,15.685354347041846,154.5306898539152,33.97186606107405
corridor,2026,Section 1,22,52.35432597528722,7.41728673648629,9.365713458110518,115.5863177848888,42.41982665631653
corridor,2026,Matched controls,21,41.20307270695498,8.629451347672967,15.356420589826842,161.08089150623204,33.00840002474273
B2,2020,Section 1,22,93.30588454542425,2.950258289238036,40.00963636363636,36.76645318316372,92.76921047479318
B2,2020,Matched controls,20,74.35355461510248,12.378523502838851,16.84749074074074,138.30315571380666,67.11405992766106
B2,2024,Section 1,22,86.88825488979714,3.720683149365915,33.09159090909091,74.33104944862174,83.75632714308229
B2,2024,Matched controls,20,73.90378577856659,12.1706438572537,17.32603550814265,137.0062613839821,67.64415887821676
B2,2026,Section 1,22,83.88023581301344,5.063692548244389,29.795229166666672,84.53879162771172,79.41397690461207
B2,2026,Matched controls,20,74.69504642018039,15.030599171094897,15.55382771164021,155.0129713274368,67.55955216321253
B3,2020,Section 1,22,53.11239552043835,10.240797627731224,6.895734197612584,142.45961321268544,34.265133899289864
B3,2020,Matched controls,21,62.8162487066063,7.099582670944795,13.590400404643947,91.8510030301262,45.86612044627036
B3,2024,Section 1,22,39.16974621981566,11.66183720485816,4.261852090300389,152.37201982340179,23.95886530671182
B3,2024,Matched controls,21,54.348671948095436,5.50487997667198,12.216510739855956,76.62931191681112,41.22223548949818
B3,2026,Section 1,22,37.968041043503625,11.982358733763279,4.006539544534175,153.14481875866957,22.722004700859877
B3,2026,Matched controls,21,53.57892567505412,5.837151354911944,11.492915179181793,83.10780492257513,41.52150172735095
