hex_ha,band_m,period,hexagons,hot,cold,hot_within_500m_pct,all_within_500m_pct,median_hot_dist_m,loss_ha
2,500,Before construction (2020→2024),5851,1239,2680,8.151735270379339,19.415484532558537,2965.3499219398586,2934.71
2,500,Construction (2024→2026),4576,484,1475,66.11570247933885,20.738636363636363,209.3696274466446,502.02
2,1000,Before construction (2020→2024),5851,1647,3130,5.585913782635094,19.415484532558537,3040.4763842368734,2934.71
2,1000,Construction (2024→2026),4576,770,2159,51.16883116883116,20.738636363636363,472.4182399561005,502.02
5,500,Before construction (2020→2024),3240,739,1202,4.330175913396482,17.5,3283.610246779954,2929.88
5,500,Construction (2024→2026),2583,185,544,56.75675675675676,18.389469608981805,291.45518451455337,500.9800000000001
5,1000,Before construction (2020→2024),3240,999,1553,4.904904904904905,17.5,3206.032326593879,2929.88
5,1000,Construction (2024→2026),2583,341,818,47.80058651026393,18.389469608981805,539.4081416578438,500.9800000000001
10,500,Before construction (2020→2024),1951,281,422,4.270462633451958,16.760635571501794,3521.474892932212,2925.2
10,500,Construction (2024→2026),1575,53,186,56.60377358490566,18.03174603174603,257.7762567962345,501.52
10,1000,Before construction (2020→2024),1951,576,821,3.4722222222222223,16.760635571501794,3366.253931213604,2925.2
10,1000,Construction (2024→2026),1575,163,412,46.62576687116564,18.03174603174603,566.5845671928314,501.52
