seg_id,treated,side,a_total,a_veg,a_built,a_sand,a_water,a_beach,elev_x_area,a_land2020,veg,built,bare,waterfrac,elev,dcbd_km,match_w
CE01,0,E,49719176.65600734,7838051.91481027,7112267.687936551,8174780.858992574,26594076.19426793,0.0,195314511.8111331,23125100.461739395,0.3389413130454663,0.3075561855267975,0.3535025014277362,0.5348856916570578,3.928353704697444,74.48275256033187,0.0
CE02,0,E,10072920.435306683,2296283.88640394,239701.54437486237,914384.007458167,6622550.997069715,0.0,35154105.13169035,3450369.438236969,0.6655182662344903,0.0694712692845269,0.2650104644809828,0.6574608664491136,3.4899615615419126,75.47395860587203,0.0
CE03,0,E,10073873.776138486,2389067.467526664,232723.75342167876,1232177.3375446396,6219905.2176455045,0.0,31137297.58466058,3853968.5584929823,0.6198980171392112,0.0603854831427791,0.3197164997180096,0.6174293380941801,3.0908961415035834,76.46539365175688,0.0
CE04,0,E,10330599.702555308,2875014.7829054883,499823.4424495024,1034955.7215100458,5920805.755690272,0.0,40236089.51214662,4409793.946865037,0.6519612520556346,0.1133439449715856,0.2346948029727795,0.5731328215365601,3.894845475640112,77.44758602217094,0.0
CE05,0,E,10407905.76554724,1857233.8832811243,689287.6205245671,1085078.3841348388,6776305.87760671,0.0,25608091.524043813,3631599.88794053,0.511409279818641,0.1898027430867281,0.2987879770946307,0.6510729468783211,2.460446135937642,78.43004166550918,0.0
CE06,0,E,9476481.45442095,2790122.6670215675,293062.77345928125,1055640.1259948132,5337655.887945287,0.0,36284868.55614124,4138825.566475662,0.6741339112286975,0.0708081963717145,0.255057892399588,0.5632529239483894,3.8289389084609766,79.42233839158362,0.0
CE07,0,E,10077263.882027153,3280010.629208853,321896.52009528666,1343575.128977667,5131781.603745345,0.0,39650123.60913324,4945482.278281808,0.6632337241633826,0.06508900486994,0.2716772709666772,0.509243547040373,3.9346120210119166,80.42086258664854,0.0
CE08,0,E,10220115.760217195,5801671.74423876,334032.0650233848,1104840.9201492008,2979571.030805849,0.0,61162949.71492533,7240544.729411347,0.8012755892070063,0.0461335545192525,0.1525908562737411,0.2915398514764502,5.98456525835139,81.41942300688463,0.0
CE09,0,E,9914736.682532638,3762421.493189884,323035.65077263326,1191796.721301449,4637482.817268672,0.0,42911537.76127301,5277253.865263966,0.7129506347903711,0.0612128313361849,0.225836533873444,0.4677363570773182,4.328056219271334,82.39301529006718,0.0
CE10,0,E,10069485.426967934,2813241.152625469,134135.3470599006,1273530.4215959734,5848578.50568659,0.0,33363301.2471391,4220906.921281343,0.6665015848706402,0.0317787976758277,0.3017196174535322,0.5808219842121248,3.313307466316605,83.36237975411233,0.0
CE11,0,E,10070649.224970378,1427280.2409472598,300489.92893589986,1014954.3249180513,7327924.730169169,0.0,18678343.39967116,2742724.494801211,0.520387754458257,0.1095589183330201,0.3700533272087227,0.7276516703609764,1.8547308105377984,84.3324596341671,0.0
CE12,0,E,10072942.29563856,2353907.3776357914,340388.21929055004,972122.7494725246,6406523.949239693,0.0,28460798.42327172,3666418.346398866,0.6420182192105233,0.0928394381467344,0.2651423426427422,0.636013168864635,2.8254702139607044,85.32438060744073,0.0
CE13,0,E,10075565.094349043,2674323.624055541,169620.54455428777,1612981.944910117,5618638.980829096,0.0,38706286.97027412,4456926.113519946,0.6000376842557619,0.0380577420926385,0.3619045736515996,0.557650010517063,3.8415996133043526,86.317332684458,0.0
CE14,0,E,10328089.325709565,2936249.665844816,174570.38997826673,1878834.8445597035,5338434.425326778,0.0,45939186.73771082,4989654.900382787,0.5884674841179013,0.0349864656902172,0.3765460501918812,0.5168849975026736,4.447985032754806,87.31161442968586,0.0
CE15,0,E,9815354.16962723,2886577.8937841672,182589.14093583048,1644486.9513591393,5101700.183548092,0.0,38434693.4955947,4713653.986079137,0.6123864633061984,0.0387362206634326,0.3488773160303689,0.5197673049165016,3.915772455213848,88.3060253146796,0.0
CE16,0,E,10330867.154681068,2494484.935958683,443674.8641092338,2028253.112582607,5364454.242030543,0.0,35749318.1704121,4966412.912650524,0.5022709508516081,0.0893350738073144,0.4083939753410775,0.5192646620762934,3.4604373122941143,89.3005610253125,0.0
CE17,0,E,9814673.747714862,2253356.044483798,187831.8376197067,1867383.282949261,5506102.582662097,0.0,28540385.337485675,4308571.165052765,0.5229938088898207,0.0435949251907984,0.4334112659193809,0.5610071943495907,2.9079301127182853,90.29521743699546,0.0
CE18,0,E,10329485.882942678,2872753.956919113,249550.67079030952,1682385.6160801607,5524795.639153097,0.0,32918691.792124607,4804690.243789583,0.5979061731674294,0.0519389717397229,0.3501548550928477,0.5348567878171285,3.186866429285122,91.2899906044085,0.0
CE19,0,E,9815460.24485674,2130539.0345780314,179085.52110179825,1340144.484759851,6165691.204417061,0.0,25590402.95364272,3649769.04043968,0.5837462620159027,0.0490676311617307,0.3671861068223666,0.6281611916922446,2.6071526260882147,92.28627777893058,0.0
CE20,0,E,10075447.694729824,2831692.9395841416,88663.88716795678,1799662.423877013,5355428.444100713,0.0,34017165.029524975,4720019.250629111,0.599932497988587,0.018784645244008,0.3812828567674048,0.531532553824083,3.376243523880172,93.28613443642152,0.0
CE21,0,E,10326943.95253894,2996685.143729505,59715.92877176323,1701688.2897219188,5568854.590315755,0.0,34796750.07612729,4758089.362223188,0.6298085041280777,0.0125504008491049,0.3576410950228171,0.5392548478920155,3.369510886865257,94.28599413428424,0.0
CE22,0,E,10072549.057032388,3145136.7924417835,72421.63589001824,1473403.7725624533,5381586.8561381325,0.0,35498427.00342901,4690962.200894255,0.6704673066523995,0.0154385460356538,0.3140941473119465,0.5342825163388855,3.524274421740835,95.2858567768086,0.0
CE23,0,E,9814373.518684626,3197336.68267532,27245.74644862156,1147305.6259206734,5442485.463640011,0.0,30365889.344585463,4371888.055044616,0.7313400165829934,0.0062320320432686,0.2624279513737377,0.5545423203303395,3.0940221794875464,96.28572227225918,0.0
CE24,0,E,10074424.699591093,3206374.9979731543,157672.5565281887,1418278.9674847173,5292098.177605035,0.0,34228147.73967859,4782326.52198606,0.6704634205197628,0.0329698434022252,0.2965667360780121,0.5253002861612369,3.3975287681755035,97.28559053267254,0.0
CE25,0,E,10068778.494124675,3125534.33829229,52053.87349527396,1583844.6402871525,5307345.642049963,0.0,34442280.81540647,4761432.852074717,0.6564272636818534,0.0109323968461704,0.3326403394719759,0.527109186595663,3.420701015073893,98.28546147366366,0.0
CE26,0,E,10331062.844585553,2882052.3402559767,76555.39551319796,1604148.4101585238,5768306.698657855,0.0,30262676.087947056,4562756.145927698,0.6316472430437104,0.0167783228085779,0.3515744341477115,0.558345911300016,2.929289710381303,99.28533501424656,0.0
CE27,0,E,9813550.72444829,3077485.964656815,143292.63323097976,1131059.931982751,5461712.194577744,0.0,32817842.53852871,4351838.529870545,0.7071691524244954,0.0329269186454034,0.2599039289301014,0.5565480169141122,3.344135416426831,100.28521107666558,0.0
CE28,0,E,10329184.742647776,4317621.793381426,35545.19491843429,1342453.9480265002,4633563.806321418,0.0,42202692.5501919,5695620.936326359,0.7580598922663321,0.0062407936405544,0.2356993140931135,0.4485894987617051,4.085771878582325,101.28508958623446,0.0
CE29,0,E,9812776.360687526,3258422.673383855,38366.6619726742,1074849.7395866844,5441137.285744312,0.0,31785281.64811018,4371639.074943214,0.7453549155189991,0.0087762647636167,0.245868819717384,0.5544951893067582,3.239173143234986,102.28103871930816,0.0
CE30,0,E,10327432.585038189,2455617.107048664,55951.20631887399,1805298.8845428769,6010565.387127776,0.0,29387676.247948047,4316867.197910414,0.5688424022488596,0.0129610673096353,0.4181965304415049,0.5819999634599938,2.845593617383984,103.27580762053448,0.0
CE31,0,E,9818987.312536651,2873738.9994528075,187761.4777534036,1240554.6564153936,5516932.178915048,0.0,31514558.8847442,4302055.133621605,0.6679921363614891,0.0436446005273159,0.2883632631111948,0.5618636630552684,3.209552867484323,104.27067659628312,0.0
CE32,0,E,10069138.912013931,2980763.692782413,39262.8022478889,1732844.6005557792,5316267.816427851,0.0,36022160.63088544,4752871.095586081,0.6271501231225486,0.0082608599009452,0.3645890169765062,0.5279764101858578,3.577481743538746,105.26564280913158,0.0
CE33,0,E,10070627.394982465,3583754.0497858683,88157.19099091175,1735685.794233495,4663030.359972186,0.0,45505235.58844246,5407597.035010274,0.662725796057594,0.0163024704725884,0.3209717334698178,0.4630327562605951,4.518609794968162,106.26070352765744,0.0
CE34,0,E,10326874.478522178,2788576.9207361555,112953.2883258296,1905918.5580747123,5519425.711385479,0.0,40076953.5600512,4807448.767136697,0.5800533829499392,0.0234954741687459,0.396451142881315,0.5344720440695561,3.880840581862712,107.2503053739547,0.0
CE35,0,E,9819454.080644228,2844116.0313325776,66634.52906138102,1640033.7300775263,5268669.790172742,0.0,37712262.03746362,4550784.290471486,0.6249727189415765,0.0146424275043977,0.3603848535540255,0.5365542469981263,3.840566056701741,108.2376723566084,0.0
CE36,0,E,10067913.842175413,3289155.211177691,59917.26397259281,1424900.4350463268,5293940.931978802,0.0,37974670.67858713,4773972.910196612,0.6889765134930835,0.0125508177569707,0.2984726687499455,0.5258230269911527,3.7718509786513823,109.22526919878229,0.0
CE37,0,E,10326788.380614309,4171672.2294407855,112496.7070270613,976151.681846918,5066467.762299541,0.0,44115386.34682859,5260320.618314766,0.7930452404205836,0.0213859031016823,0.185568856477734,0.490614078217235,4.271936706831626,110.21252917831292,0.0
CE38,0,E,9819296.158631088,3483239.056767692,83025.77670087627,1101963.4556737265,5151067.869488794,0.0,35650130.85129992,4668228.289142295,0.7461586797006613,0.0177852863138642,0.2360560339854744,0.5245862622201332,3.630619779195041,111.1938334449165,0.0
CE39,0,E,10325215.339973597,3369763.3493155385,48320.49795481363,1580844.7241207347,5326286.768582512,0.0,36667053.08659844,4998928.571391087,0.6740971192508579,0.0096661709133737,0.3162367098357682,0.5158523665808729,3.551214369800466,112.17546792624138,0.0
CE40,0,E,9813200.90861936,3469408.266645724,45525.77055448645,1603417.014321391,4694849.85709776,0.0,38828083.912100814,5118351.051521601,0.677837106466999,0.0088946166638867,0.3132682768691142,0.4784218626334319,3.9567195529438735,113.15742402850346,0.0
CE41,0,E,10278853.438458042,4435630.824236791,23539.84653293385,1483027.4331896617,4336655.334498656,0.0,48538727.72349697,5942198.103959387,0.7464629665041383,0.0039614711797051,0.2495755623161562,0.4219006877044459,4.722192802349986,114.1396934508846,0.0
CE42,0,E,9863855.025813414,4226479.590289845,18471.915677448345,1152264.0340227014,4466639.485823417,0.0,48684970.43301726,5397215.539989995,0.7830851962413344,0.0034224899006873,0.2134923138579782,0.4528289876660145,4.935694037028134,115.11665225289649,0.0
CE43,0,E,10069493.89940096,4314449.326756257,16195.186479336606,1061667.3627787572,4677182.023386606,0.0,52782931.79982996,5392311.87601435,0.8001112372501014,0.0030033846060304,0.1968853781438683,0.4644902782715678,5.241865413213077,116.0892040966056,0.0
CE44,0,E,54719058.291716784,26811039.732750453,308587.5487103032,3657381.6892447975,23942049.32101123,0.0,328045257.3521909,30777008.970705558,0.8711385748455925,0.0100265607032842,0.1188348644511232,0.4375449810077508,5.995082291133827,117.29213576223329,0.0
CW01,0,W,10196714.005058795,3970676.554734803,1466975.3020485674,647584.629322037,4111477.5189533904,0.0,34154961.02692374,6085236.4861054085,0.6525098184435658,0.2410712065830396,0.1064189749733942,0.40321592984893,3.349604687351118,75.06784976796997,0.5
CW02,0,W,10081277.78463793,4836987.887982297,1337573.8344080013,850198.5548036165,3056517.5074440152,0.0,43262740.16483633,7024760.277193914,0.6885626978169941,0.1904084668555129,0.121028835327493,0.303187509831502,4.291394512584609,74.06787553164024,0.0
CW03,0,W,9817492.005949045,4951302.509778581,1062564.2052912095,819835.2850060855,2983790.0058731684,0.0,42208806.77432541,6833702.000075875,0.7245417651696849,0.155488811961571,0.1199694228687441,0.3039258910590505,4.299347200766591,73.0679020004994,0.0
CW04,0,W,10077031.69876338,5348033.98492297,582310.2749575746,1052764.579689415,3093922.8591934205,0.0,36684827.91102112,6983108.839569959,0.7658528755299077,0.0833884002577618,0.1507587242123305,0.3070272032163099,3.640439864402031,72.06792920390195,0.0
CW05,0,W,10335452.652108494,4722745.296413198,440861.19724312576,1776656.4410846485,3395189.717367524,0.0,29274451.77620509,6940262.934740973,0.6804850681913628,0.0635222615322397,0.2559926702763975,0.3284993731430703,2.8324305438362125,71.06795717285436,0.0
CW06,0,W,10076688.381813347,4375502.242937395,465244.5680804384,1936247.3308223952,3299694.2399731204,0.0,29512134.03907988,6776994.141840228,0.645640552634338,0.0686505784634049,0.2857088689022573,0.3274582000499776,2.9287532690148583,70.06820944642425,0.0
CW07,0,W,10073291.017977696,4980693.293953271,595675.7583948174,1106359.3670914597,3390562.5985381487,0.0,33185560.95953773,6682728.419439549,0.7453083503236212,0.0891366102297441,0.1655550394466344,0.3365893621545379,3.294411022208314,69.06846976824262,0.0
CW08,0,W,9825638.90994846,4619053.433193311,405698.5235750385,1139672.0217962828,3661214.9313838286,0.0,31578268.186249617,6164423.978564632,0.7493081996395783,0.0658128845429454,0.1848789158174762,0.3726185100977859,3.213864103460653,68.06873773785814,0.0
CW09,0,W,10328733.261520503,4922029.156133076,393006.06590393663,1416563.5181183163,3597134.5213651774,0.0,34066313.149616405,6731598.740155327,0.7311827912100869,0.058382277535287,0.2104349312546264,0.3482648288310661,3.298208239778037,67.07006548974839,0.0
CW10,0,W,10079963.792025696,5154246.60869721,286406.17461299524,1349291.7363301597,3290019.272385332,0.0,39090531.80671323,6789944.519640365,0.7590999593278281,0.0421809300185806,0.1987191106535913,0.3263919732517373,3.878042879245055,66.07144850192887,0.0
CW11,0,W,9814921.982680468,6679826.537578538,421289.4317715215,1268599.738055779,1445206.2752746283,0.0,56706565.438838825,8369715.707405837,0.7980947945063388,0.0503349751053968,0.1515702303882645,0.1472458240447409,5.777586978164873,65.07287399129483,0.0
CW12,0,W,10334890.901230903,4046260.8996152994,1125495.5981929104,1776850.9010761932,3386283.502346503,0.0,43666266.970292695,6948607.398884402,0.5823124933299478,0.1619742681639502,0.2557132385061021,0.3276554667783857,4.225130907293077,64.0774937884862,0.0
CW13,0,W,10073203.227119,3666774.309672248,981739.9911923576,1546160.8329504577,3878528.093303935,0.0,37669900.55011944,6194675.133815063,0.5919235844437288,0.1584812714121687,0.2495951441441024,0.3850342344788788,3.739614867364616,63.08249917160092,0.0
CW14,0,W,9824551.812491383,3996806.851890295,321441.6716605392,1259925.0337098667,4246378.255230683,0.0,31280109.56356764,5578173.557260701,0.7165081564534583,0.0576248960992155,0.225866947447326,0.432221065782527,3.183871403049316,62.08766538739049,0.0
CW15,0,W,10073773.698193476,4038305.810651294,394555.5138331693,1235674.4516938752,4405237.922015142,0.0,27861122.41404796,5668535.776178337,0.7124072194484542,0.0696044850755399,0.2179882954760061,0.4372976854547695,2.7657085863507413,61.09300029281672,0.0
CW16,0,W,10079703.114887672,3398845.327060236,471400.8379623712,788468.3699046117,5420988.579960454,0.0,24830242.41871248,4658714.534927218,0.7295672017631653,0.10118689059572,0.1692459076411149,0.5378123262334661,2.463390254226668,60.09851226361303,0.5
CW17,0,W,10074610.325217184,5042985.379748715,528108.9033582499,852862.0871414184,3650653.9549688,0.0,30727611.44496825,6423956.370248384,0.7850279623791603,0.082209291738672,0.1327627458821676,0.362361802305252,3.0500049583114603,59.10421023769104,0.0
CW18,0,W,10079861.585584572,4063315.907074154,495206.01236790686,1194858.3893487367,4326481.276793775,0.0,36478227.83194383,5753380.308790798,0.7062484468244983,0.0860721846618176,0.2076793685136839,0.4292203062570987,3.6189215022666703,58.11757836311919,0.5
CW19,0,W,10073393.826404016,2955908.0947906496,1695968.6575549257,939783.9004649144,4481733.173593529,0.0,34231819.77775439,5591660.65281049,0.5286279476393021,0.3033032157812536,0.1680688365794442,0.444907967545771,3.398240986868515,57.13435195759557,0.0
CW20,0,W,10080222.18636286,2213875.259694418,2247336.4534861543,903631.7846530692,4715378.68852922,0.0,32923815.531238656,5364843.497833639,0.4126635307420236,0.4189006546777449,0.1684358145802318,0.4677851937538115,3.266179546694914,56.151717982938905,0.0
CW21,0,W,10074141.035661677,2295316.1363580744,1585896.5715321864,708123.7529708563,5484804.574800557,0.0,27800930.42749148,4589336.460861117,0.5001411763842206,0.3455611906115547,0.1542976330042247,0.5444438940635015,2.7596328390756444,55.16714064862096,0.5
CW22,0,W,10077089.544091169,2824678.4512708783,1699243.922812279,702413.9359699026,4850753.234038109,0.0,31273168.231340893,5226336.310053057,0.5404700891210352,0.3251309946403025,0.1343989162386627,0.4813645063700372,3.103392908687441,54.17669447282498,0.5
CW23,0,W,10077367.231337782,3209163.6069657267,1244332.6533801209,702693.8993120978,4921177.071679838,0.0,33977697.10072766,5156190.159657946,0.6223904680774259,0.2413279213625178,0.1362816105600561,0.4883395592031577,3.371683925050044,53.18660583886615,0.5
CW24,0,W,10335956.527293604,3224447.982924787,1174148.7387379664,1038411.1216902492,4898948.6839406025,0.0,37523002.84161877,5437007.8433530005,0.5930556062866136,0.2159549466483516,0.1909894470650352,0.4739714869160114,3.630336751372144,52.19689509267777,0.5
CW25,0,W,10073265.338024516,2506587.276733368,1849403.416203548,701225.4423516367,5016049.202735961,0.0,35250033.37714398,5057216.135288553,0.4956456694114277,0.3656959415474982,0.1386583890410739,0.4979566242339911,3.4993651208692294,51.20758414505701,0.5
CW26,0,W,9825551.016093116,2742369.6361623127,1473119.7955118218,759358.9281956393,4850702.656223342,0.0,36498329.62939325,4974848.359869774,0.5512468798614998,0.2961135071764043,0.1526396129620957,0.4936825067905557,3.714634382297055,50.218696624167656,0.0
CW27,0,W,10330707.623827675,2832854.218142371,1116150.288828442,552926.6341459088,5828776.482710953,0.0,36384409.75342517,4501931.141116721,0.6292531203486313,0.2479270015115283,0.1228198781398405,0.5642185119310643,3.5219668466373872,49.23025804611712,0.5
CW28,0,W,9824663.430425515,2900410.605043001,1540294.593377955,462886.85146436497,4921071.380540198,0.0,42400152.62178984,4903592.0498853205,0.5914869294868916,0.3141155662437249,0.0943975042693835,0.5008895638399555,4.315685002550103,48.23793417425114,1.0
CW29,0,W,10329826.553099956,2970327.976334247,1408021.9812250177,733572.242089006,5217904.353451688,0.0,43704874.59702834,5111922.19964827,0.5810589168470957,0.2754388518123178,0.1435022313405865,0.5051299096484644,4.230939829663705,47.245088436637566,0.0
CW30,0,W,9819448.42529988,2768809.209526181,1131984.0618097042,532563.291366278,5386091.862597717,0.0,41859238.99899905,4433356.562702164,0.6245401583125927,0.2553334129118077,0.1201264287755994,0.5485126688705256,4.2628910694360815,46.25255094988853,1.0
CW31,0,W,10076996.751608817,2947854.529912582,1207659.5479645375,679316.7610132253,5242165.912718471,0.0,39188696.31733943,4834830.838890344,0.609712030915471,0.2497832061155858,0.1405047629689433,0.520211134520962,3.888926163549954,45.26034199338702,0.0
CW32,0,W,10336176.328108575,2877778.610752809,1068241.674525601,983414.3828801174,5406741.659950047,0.0,39465238.21966215,4929434.668158527,0.5837948577230767,0.2167067313876503,0.1994984108892731,0.523089147119787,3.818166115484982,44.26848365761671,0.0
CW33,0,W,10075770.397194115,3041542.3137084963,1027650.22304508,721977.9263058233,5284599.934134719,0.0,39163389.791349456,4791170.4630594,0.6348223961470827,0.2144883449604659,0.1506892588924512,0.5244859425941628,3.886887875318756,43.27700005003813,1.0
CW34,0,W,10074372.750783376,2887257.95603153,785790.5544607425,353946.46382183,6047377.776469273,0.0,33594062.6230814,4026994.974314102,0.716975803160346,0.1951307512109777,0.0878934456286764,0.6002733794021106,3.3346058810926125,42.28591752956682,2.0
CW35,0,W,10076243.964327523,3308380.344447148,627930.131021537,682901.0192012114,5457032.469657628,0.0,37074995.06694386,4619211.494669896,0.7162218807830482,0.1359388137447495,0.1478393054722024,0.5415740715465917,3.679445952102669,41.29251124658874,0.0
CW36,0,W,10078325.356479209,3664720.076262979,528688.8825197706,744252.0119691438,5140664.385727318,0.0,43235541.45634598,4937660.970751894,0.7421975907156957,0.1070727386208663,0.1507296706634378,0.5100712870340567,4.289952936332869,40.299222941384855,0.0
CW37,0,W,9824712.35241394,3416704.991922655,841271.7724790087,399933.6596613267,5166801.92835095,0.0,39620687.746791326,4657910.424062991,0.7335274148407389,0.1806114106731117,0.0858611744861494,0.5258985447122492,4.032758041720833,39.30627499915547,1.0
CW38,0,W,10328768.498617882,3759853.280892944,771088.1120125265,371276.50847589824,5426550.597236514,0.0,36661757.61068214,4902217.90138137,0.766969840290754,0.1572937244987102,0.0757364352105356,0.5253821496689227,3.549480038746917,38.31369388272319,0.5
CW39,0,W,10076458.964547938,3559214.8129432537,339558.0618104523,649701.0966188618,5527984.993175371,0.0,29795809.6616155,4548473.971372568,0.7825074597204321,0.0746531834517645,0.1428393568278033,0.548603930470467,2.9569722624233634,37.32150885975553,0.0
CW40,0,W,10078706.99521353,3954838.881362437,121424.64111199472,659452.4714605295,5342991.001278566,0.0,29776829.04051128,4735715.993934961,0.8351089648170213,0.0256401864612454,0.1392508487217331,0.5301266326936582,2.9544294773776607,36.32975238284183,0.0
CW41,0,W,10080512.369288305,4151955.197451543,107820.8847824695,749619.7797494327,5071116.507304862,0.0,30064962.73917517,5009395.861983445,0.8288335184210412,0.0215237301569092,0.1496427514220496,0.503061384335456,2.982483591882919,35.33846053280176,0.0
CW42,0,W,9818353.019851264,4210989.628487022,52215.31575942694,367315.9418599447,5187832.133744871,0.0,33883308.563229375,4630520.886106393,0.9093986901391266,0.0112763373805517,0.0793249724803217,0.5283810964278671,3.451017547925025,34.34767353778388,0.0
CW43,0,W,10080967.866131922,4415861.41839848,89686.77386384853,411367.5457627539,5164052.12810684,0.0,30815152.56213002,4916915.738025082,0.8980958091773493,0.018240453699512,0.0836637371231386,0.5122575725547166,3.0567652800141127,33.357436383630755,0.0
CW44,0,W,10076273.872125125,4393330.20433634,104364.23129398124,446009.9366866168,5132569.499808188,0.0,28445588.591000997,4943704.372316937,0.8886717071792347,0.0211105323931555,0.0902177604276098,0.5093717742236902,2.8230265425488787,32.36845714158092,0.0
CW45,0,W,10074274.132676816,3630279.1829841775,259889.79892524268,445237.7683931238,5738867.382374273,0.0,28832421.88334883,4335406.750302543,0.8373560756971283,0.0599458860249056,0.1026980382779662,0.5696556701549087,2.861985042657145,31.381110173809123,0.0
CW46,0,W,10080319.253913073,4117554.423799792,185890.43696402755,337911.924706373,5438962.468442879,0.0,30442319.53487513,4641356.785470192,0.8871445601186772,0.0400508828681214,0.0728045570132012,0.5395625209322148,3.0199757337107904,30.394590534421283,0.0
CW47,0,W,10328497.64235834,4291656.294217339,292499.2118564082,252010.11934518252,5492332.016939409,0.0,30908960.52120006,4836165.625418928,0.8874088744315034,0.060481636592227,0.0521094889762697,0.5317648516871158,2.992590170562552,29.40898148133527,0.0
CW48,0,W,10080373.267769756,3942883.862299032,446185.0070183847,357868.81055782543,5333435.587894514,0.0,29754802.102987703,4746937.679875243,0.8306163105985114,0.0939942837063138,0.0753894056951745,0.5290910808776544,2.9517559828983235,28.4243777378486,0.0
CW49,0,W,10073642.808139335,4172238.2742346367,394680.1430572509,272313.1292475382,5234411.26159991,0.0,29735905.7242678,4839231.546539427,0.8621695891402918,0.0815584332474212,0.0562719776122867,0.5196145387814022,2.951852303145162,27.440887518414776,0.0
CW50,0,W,9826024.88660862,3916337.083212669,231239.16480416688,249556.33183312512,5428892.306758656,0.0,26806062.742277227,4397132.579849961,0.8906570388983591,0.0525886269301566,0.0567543341714842,0.552501379693981,2.7280678658579243,26.45863499526536,0.0
CW51,0,W,10331928.424547112,4002809.3044887166,360174.2865359437,276558.6226714789,5692386.210850974,0.0,24972178.596017636,4639542.213696139,0.8627595396529084,0.0776314278319729,0.0596090325151186,0.5509509916199882,2.4169910562569794,25.47776332072862,0.0
CW52,0,W,10073737.002332918,3318977.322340483,555414.156899097,564471.3982147815,5634874.124878557,0.0,20087256.23429455,4438862.877454361,0.7477089096845181,0.1251253242626906,0.1271657660527913,0.5593628385944173,1.9940223007254068,24.49843835515752,0.0
CW53,0,W,9825149.246728783,3591901.27118273,430901.4739712584,371340.2494516709,5431006.252123125,0.0,22141352.30655457,4394142.99460566,0.8174293088759792,0.0980626881055627,0.0845080030184579,0.5527657764518275,2.25353852145568,23.52085329778326,0.0
CW54,0,W,10328112.895243088,4137950.33230522,437235.6508834241,278823.24878360523,5474103.663270838,0.0,21952539.512295745,4854009.231972248,0.8524809357694434,0.0900772186429833,0.0574418455875733,0.530019735337333,2.125513124707092,22.54523448248493,0.0
CW55,0,W,10080146.198123945,3740941.5467698034,351119.44560154935,205405.2183496812,5782679.987402912,0.0,22079290.51478508,4297466.210721034,0.8704993508586876,0.0817038292763302,0.0477968198649822,0.5736702497905387,2.19037403633038,21.573098494320607,0.0
CW56,0,W,9819949.89639037,3220258.8478865973,302827.2471285652,219664.97125543337,6077198.830119774,0.0,17222400.83582662,3742751.066270596,0.8603988859711614,0.0809103362116766,0.0586907778171619,0.6188625088966736,1.753817587415314,20.60461978698445,0.0
CW57,0,W,10080205.917844798,2842863.3822598923,1178875.316085725,277084.579669339,5781382.639829836,0.0,20895834.35218748,4298823.278014957,0.6613119913067524,0.2742320955864201,0.0644559131068274,0.5735381486200757,2.072957092592323,19.639300763691296,4.5
CW58,0,W,10072876.12820958,2557461.5770187373,1362235.1626773612,417446.3061758303,5735733.0823376505,0.0,21511561.687361263,4337143.045871929,0.5896650283307848,0.3140858275296983,0.0962491441395168,0.5694235697264708,2.1355927953007474,18.67763133824132,0.5
CW59,0,W,10080796.869262695,2698569.646236285,1548347.1314506978,342216.93989916035,5491663.151676552,0.0,24574396.91010162,4589133.717586145,0.5880346514844452,0.3373942069975504,0.074571141518004,0.5447647862463287,2.4377434868300227,17.723817696776283,4.0
CW60,0,W,10332372.776663866,2225810.0480329324,1282143.4349330824,494858.57600067736,6329560.717697174,0.0,20109219.334037997,4002812.058966693,0.5560615925114194,0.320310675606404,0.1236277318821765,0.6125950790309052,1.9462344002391765,16.780076676334108,1.0
CW61,0,W,9818221.53532428,989358.0359511132,3099178.176658809,322422.7244625017,5407262.598251851,0.0,18307328.3877857,4410958.937072425,0.2242954536792298,0.7026087118180585,0.0730958345027113,0.55073748120242,1.8646277558434656,15.843239339817512,0.5
CW62,0,W,10080305.985066077,1231464.9040497723,2965531.811786308,325190.604135072,5558118.665094922,0.0,20093866.260530777,4522187.319971152,0.2723162082674692,0.6557737665332328,0.0719100251992981,0.551383923596094,1.9933786028221507,14.914606675800426,0.5
CW63,0,W,10331291.01331344,1513928.32273398,2527039.3389941943,503425.67221613857,5786897.67936913,0.0,19257739.36635904,4544393.333944312,0.3331420085109499,0.5560784802931764,0.1107795111958738,0.5601330629358743,1.8640206089967373,13.99581193818072,0.0
CW64,0,W,10074892.197339468,1664248.3868020154,1881900.32578885,724499.77875441,5804243.705994191,0.0,20167028.59123735,4270648.491345274,0.3896945370649714,0.4406591480433555,0.1696463148916733,0.5761097580306566,2.0017116010991134,13.08892705014472,0.0
CW65,0,W,9824741.684840722,3281735.5131160966,688741.5876575244,511191.7355715884,5343072.848495511,0.0,21591404.01884452,4481668.83634521,0.7322574766127397,0.1536797145902443,0.1140628087970159,0.5438385068932358,2.1976561533581487,12.196608989350269,0.0
CW66,0,W,52713733.70366733,8703419.080074534,9136081.993930532,4866611.952991739,30007620.676670536,0.0,103102837.98863938,22706113.026996806,0.3833073089051596,0.4023622177458571,0.2143304733489832,0.5692562178456141,1.9559008771459203,11.20566293074749,0.0
T01,1,S1,49957584.54497942,2126359.299009136,20416616.689059027,7595753.846158467,19818854.71075277,0.0,159804187.93711764,30138729.834226627,0.0705523859401123,0.6774212716115589,0.2520263424483289,0.3967136299976397,3.198797327625749,5.971615341400139,0.0
T02,1,S1,7736373.91838346,168842.77294060204,3361612.333802586,196947.4408194748,3981008.928192049,27962.44262874827,24566742.088446133,3755364.990191411,0.0449604161996504,0.8951492977600679,0.0598902860402816,0.5145833138613204,3.1754853562687457,6.801961127285092,0.0
T03,1,S1,12527499.592554098,92914.66342620851,2040743.8296080048,217344.27798037065,10060157.986657957,116338.83488156184,13278814.8027359,2467341.6058961456,0.0376578027153486,0.8271022645308983,0.1352399327537533,0.8030459639876865,1.0599732775587842,7.652820215724282,0.0
T04,1,S1,10093766.754095787,332759.16015337774,6038539.737549396,362502.188274937,3311495.4700116324,48470.19810644411,30854073.08101857,6782271.284084156,0.0490630861278371,0.8903418168659719,0.0605950970061907,0.3280733100621641,3.0567452005465445,8.372399385085304,0.0
T05,1,S1,10102869.56311592,55908.198355042696,2887632.3788201427,126351.91019361909,7009188.554758319,23788.52098879346,15694916.455037856,3093681.008357598,0.0180717398477756,0.9333969375055756,0.0485313226466488,0.6937819508575889,1.5535107483063697,9.301594163967984,0.0
T06,1,S1,10140559.647151273,153133.0172424915,4581800.334915909,411632.71805725095,4967977.749672833,26015.82726278866,24087270.551592268,5172581.89747844,0.029604754507056,0.8857859432152194,0.0846093022777246,0.4899115948761721,2.375339368804853,10.23720463219704,0.0
T07,1,S1,10088407.089639911,416215.889202821,3033005.7270883303,1420082.7928749537,5181526.4799690405,37576.200504766726,12233521.953242192,4906880.609670871,0.0848229093617052,0.6181128028896079,0.297064287748687,0.513611954189488,1.212631671634778,11.19354727401308,0.0
T08,1,S1,10262909.953603916,242483.9221628227,2119809.963492689,984970.2901678346,6859662.836509344,55982.94127122467,9985345.88368916,3403247.117094571,0.0712507537124828,0.622878648113693,0.3058705981738242,0.6683935518795534,0.972954642380226,12.156950068809373,0.0
T09,1,S1,9911602.83862628,286998.6079814836,2827130.824727257,506409.2325311698,5963389.698945109,327674.47444125905,13079374.547471054,3948213.1396811698,0.072690758535052,0.7160532435074051,0.2112559979575428,0.6016574509730475,1.3196023650685158,13.101276299579029,0.0
T10,1,S1,10210295.576129569,323867.96277391026,3592997.9187849755,645550.6916881786,5419915.858397779,227963.1444847257,16522806.82035418,4790379.71773179,0.0676079939081028,0.7500444913553187,0.1823475147365784,0.5308284973717005,1.6182496086579996,14.049016771325038,0.0
T11,1,S1,9596474.92981666,335862.855499477,4011082.0901459632,596141.1683135986,4620042.68590752,33346.129950100774,18402944.30430001,4976432.24390914,0.0674906919330718,0.8060156139079943,0.1264936941589338,0.4814312254964424,1.917677526267617,15.00476198857581,0.0
T12,1,S1,10625580.641827242,1480354.844134701,4777849.710192244,1460740.1595708812,2894643.5337134874,11992.394215931612,25314776.643996987,7730937.108113756,0.1914845281280379,0.6180168902393224,0.1904985816326398,0.2724221509663971,2.382437016603706,15.971880047374787,0.0
T13,1,S1,10052155.2013925,512181.53160708543,3400995.627850522,818741.775180772,5314207.163204387,6029.103549732881,20618869.29417207,4737948.038188112,0.1081019731493201,0.7178203729627926,0.1740776538878873,0.52866346139067,2.051188912335515,16.96954984089227,0.0
T14,1,S1,10127629.201686395,358477.9076261333,2603794.9149928973,520359.693033914,6636016.338534337,8980.347499114392,17626355.54272296,3491612.863152059,0.1026682858827931,0.7457284117811153,0.1516033023360916,0.6552388724331796,1.7404226785660677,17.96526914070963,0.0
T15,1,S1,9363874.34455028,352557.75517272955,2415514.547088833,181302.0526482676,6393493.579778425,21006.409862024644,16160532.31079341,2970380.764771854,0.1186910982436988,0.8132003060807463,0.068108595675555,0.6827829319921834,1.7258382285104823,18.955006864404385,0.0
T16,1,S1,10442359.762716824,618999.2196480246,3436424.884927996,497617.790984539,5849830.036653466,39487.830502798046,25078734.68324612,4592529.726063358,0.1347839331632635,0.7482640483360886,0.1169520185006478,0.560201924620484,2.401634807947021,19.90460322381799,0.0
T17,1,S1,10242282.610973343,1075325.189377519,3093412.585109606,440432.2075072345,5602142.137176244,30970.49180273916,26375942.82140087,4640140.473797099,0.231744102457649,0.6666635638679745,0.1015923336743763,0.5469622690526269,2.575201624796244,20.840364056878634,1.0
T18,1,S1,9493064.177177848,2010110.070594518,2938417.343010278,528918.1403489356,3988438.3384378464,27180.284786269243,34688718.91881077,5504625.838740001,0.3651674299909598,0.5338087327081392,0.1010238373009008,0.4201423548811983,3.6541119149078822,21.760906554894262,0.0
T19,1,S1,10937164.19160228,3980174.368341424,5725217.9744000025,519261.9426102284,692166.7077555635,20343.198495064527,75815764.63974795,10244997.483846718,0.3884993016949943,0.5588305886289333,0.0526701096760724,0.0632857563103075,6.9319398805368975,22.68868597625269,0.0
T20,1,S1,9657240.88359082,2739896.219379291,2615143.5605514827,290152.38722414506,3977771.2105255728,34277.50591032739,53093174.87645186,5679469.673065245,0.482421137377172,0.4604555902382473,0.0571232723845808,0.4118952046939655,5.497758160580375,23.68460270688035,0.0
T21,1,S1,10070725.66199772,2276172.0248537846,3375589.285256629,239387.6163275625,4137486.150424912,42090.58513482785,50870782.55938523,5933239.511572803,0.3836305647891179,0.568928538730407,0.0474408964804751,0.4108429014244603,5.051352232873161,24.681466691378745,0.0
T22,1,S1,10069242.190237278,2631185.0938121118,2778472.882776866,390472.4939539891,4225856.200639881,43255.5190544278,52568431.02694306,5843385.989597395,0.4502843211960054,0.4754902188086159,0.0742254599953785,0.4196796661358585,5.220693874849017,25.678515455516195,0.0
T23,1,S1,9661845.973159852,2728503.6126132743,2800813.1000706097,373289.55035615806,3722923.092843718,36316.617276090736,54843463.34566942,5938922.880316133,0.459427351996198,0.471602874210335,0.0689697737934669,0.38532213235295,5.676292449498983,26.675373084625296,0.0
T24,1,S1,10062273.44318674,3790102.456803774,3836809.819167642,617926.2894822364,1778843.374966969,38591.50276611926,70945974.12920345,8283430.068219773,0.4575522972475968,0.4631909471763341,0.079256755576069,0.176783446107941,7.050690336510547,27.673876371643445,0.0
T25,1,S1,10199650.084566336,4380780.247659632,2051910.551248019,255488.1731654747,3471497.487440072,39973.62505313649,59315243.88429969,6728152.597126261,0.6511119039616844,0.3049738426153465,0.0439142534229692,0.3403545669368589,5.815419489150213,28.66644420400865,1.0
T26,1,S1,11074903.67202265,1178593.9375930186,251861.7907606836,107944.16170280307,9489274.206983916,47229.574982228,16044401.826650374,1585629.465038733,0.7432971974724425,0.1588402563864636,0.0978625461410939,0.8568267939842817,1.4487170545041974,29.64196290337436,1.0
T27,1,S1,9588432.64389873,2356670.5489980658,1540303.4682842176,133003.1424264945,5518567.81842768,39887.66576226926,34326188.30964134,4069864.825471048,0.5790537646972842,0.3784655103639572,0.0424807249387584,0.5755443067057713,3.579958225131157,30.634251566868905,1.0
T28,1,S1,9968192.268951029,3789152.01919056,1885044.4697463987,242807.4018324908,4010330.156370185,40858.22181139179,46750869.91248103,5957862.112580841,0.6359918956817155,0.3163961223214396,0.0476119819968447,0.4023126809924785,4.690004832481097,31.613410427360563,1.0
T29,1,S1,9975855.161239268,3285337.179636099,1577103.166290881,372670.69715235103,4691247.482664758,49496.63549517463,43816165.67729041,5284607.678574505,0.6216804310669853,0.2984333487393896,0.0798862201936252,0.4702601838980569,4.392221515758982,32.60282220576609,1.0
T30,1,S1,10101986.86239217,3057676.356319861,1175270.667040477,807718.4835083305,5009201.450878399,52119.90464510451,44005802.680722974,5092785.411513774,0.6003937156682596,0.2307716842699525,0.1688346000617877,0.4958629939944516,4.356153228089065,33.59469729495811,1.0
T31,1,S1,10207072.607354706,2987119.864992658,1658505.0479460773,587325.0134549309,4942508.140854302,31614.54010673972,43021303.00201997,5264564.466500405,0.5674011371691554,0.3150317672999378,0.1175670955309068,0.48422386427358,4.2148522555841295,34.58604854594973,1.0
T32,1,S1,9953839.258120608,2361207.804499009,1940610.1506130744,188215.6963572783,5421896.82765123,41908.77900001676,39573292.49044758,4531942.430469379,0.521014518768822,0.4282071496685104,0.0507783315626674,0.5447040771959324,3.97568128882156,35.576113320886954,0.0
T33,1,S1,10219222.850790825,2297266.80592798,2748029.890298612,362583.6002833048,4774243.776599211,37098.77768171721,46277350.60557359,5444979.074191614,0.4219055343695774,0.5046906246754671,0.0734038409549554,0.4671826660703218,4.5284608508163,36.55976083207826,0.0
T34,1,S1,10091158.551534072,2925947.533667949,1822122.1552592255,523105.1999420166,4783632.54112896,36351.12153592577,53205306.37431004,5307526.010405119,0.5512827498031638,0.3433091334243211,0.1054081167725148,0.4740419563026035,5.2724675866104285,37.544699843546425,1.0
T35,1,S1,10024662.77347068,2544410.790905761,1233167.4080952066,230939.19314413637,5981431.57133463,34713.80999094645,41596378.94235715,4043231.202136051,0.6293013344281528,0.3049955212661894,0.0657031443056577,0.5966715994840168,4.149404312376276,38.531728115733536,1.0
T36,1,S1,10010822.942421198,2856325.531847068,2001237.847870352,781818.2276231354,4338851.093952732,32590.241127911737,55800962.1597759,5671971.848468466,0.5035859852898118,0.3528292984054076,0.1435847163047806,0.4334160257261873,5.57406343921212,39.504690077538406,1.0
T37,1,S1,10218061.2663173,3241155.1544794715,1530276.1031930365,645878.8749081482,4772636.747960947,28114.385775697,49908759.59735275,5445424.518356352,0.5952070666949181,0.281020533483574,0.123772399821508,0.4670785018380553,4.884366837951091,40.48071473914294,1.0
T38,1,S1,9785050.496840203,3677680.036748998,1161721.4371848612,243677.83068383907,4680311.708424737,21659.483797768982,48811161.36239525,5104738.788415467,0.72044431442702,0.2275770583641292,0.0519786272088507,0.4783124737001721,4.988340262337673,41.45896570855852,1.0
T39,1,S1,10837279.81185108,4178897.092122875,1463556.159862174,448560.3805885764,4721214.616249772,25051.563027684828,60888922.98743687,6116065.195601309,0.6832656223364574,0.2392970174540925,0.0774373602094503,0.4356457245928909,5.618469214096692,42.42716594992417,1.0
T40,1,S1,9624278.767079672,3393169.40459514,1507449.2988587325,544072.812740311,4152478.472545578,27108.77833990957,50920976.527629055,5471800.294534092,0.6201193797194418,0.2754942098973456,0.1043864103832128,0.4314586654274125,5.290887531417607,43.40029331866882,1.0
T41,1,S1,9952654.368185692,3648127.673504221,792188.145208112,952484.8243471332,4531130.232071552,28723.49305467793,51825309.641588986,5421524.136114142,0.6728970639830082,0.1461190848402106,0.1809838511767816,0.4552685207833202,5.207184709161805,44.38852743711464,1.0
T42,1,S1,10025003.787071258,2970444.2818767773,2173098.66071903,352182.9397086948,4500761.583478682,28516.321288075163,46172803.17817871,5524242.203592577,0.5377107252728728,0.3933749789800672,0.0689142957470601,0.4489536043151512,4.605764163174227,45.37748146265559,1.0
T43,1,S1,10269679.380929714,3874807.486963877,2130815.546437671,368010.10589497886,3862637.280641384,33408.96099180334,50580231.99996293,6407042.100288332,0.6047732208267371,0.3325739886026002,0.0626527905706624,0.376120532819565,4.925200692622198,46.370129310959655,1.0
T44,1,S1,9968720.787373085,3554522.724899621,1885163.3329982385,300809.2740594602,4190460.405413879,37765.05000188491,50421183.32217395,5778260.381959205,0.6151544738270185,0.326251018192961,0.0585945079800205,0.4203608963270132,5.057939167685399,47.36775531289504,1.0
T45,1,S1,10112168.110901,4338342.127138144,1471205.4655173807,514402.576772084,3760239.758042729,27978.183430660472,63174135.37573416,6351928.35285827,0.682996073969562,0.2316155636194103,0.0853883624110277,0.37185297127222,6.247338323779638,48.36637236132976,1.0
T46,1,S1,10236241.992276926,3743031.0857055057,1093292.7750507728,795610.8989105823,4570879.669239059,33427.563371007585,54184964.133728,5665362.32303787,0.6606869732734807,0.1929784385731095,0.1463345881534094,0.4465388443031839,5.293443059924693,49.36616411579696,1.0
T47,1,S1,55056163.81756725,21641137.82156121,5732542.055713939,2651291.346755892,24986368.00376061,44824.58977559408,266926459.59431705,30069795.813806627,0.7196968664358081,0.1906412032595787,0.0896619303046134,0.4538341626299068,4.848257508074808,50.628975277371794,1.0
