seg_id,treated,side,a_total,a_veg,a_built,a_sand,a_water,a_beach,elev_x_area,a_land2020,veg,built,bare,waterfrac,elev,dcbd_km
CE01,0,E,49719176.65600734,7838051.91481027,7112267.687936551,8174780.858992574,26594076.19426793,0.0,195314511.8111331,23125100.461739395,0.3389413130454663,0.3075561855267975,0.3535025014277362,0.5348856916570578,3.9283537046974435,74.48275256033187
CE02,0,E,10072920.435306683,2296283.88640394,239701.54437486234,914384.007458167,6622550.997069715,0.0,35154105.13169035,3450369.4382369695,0.6655182662344903,0.0694712692845269,0.2650104644809828,0.6574608664491136,3.4899615615419126,75.47395860587203
CE03,0,E,10073873.776138486,2389067.467526664,232723.75342167873,1232177.3375446396,6219905.2176455045,0.0,31137297.58466058,3853968.5584929823,0.6198980171392112,0.06038548314277912,0.31971649971800964,0.6174293380941801,3.0908961415035834,76.46539365175688
CE04,0,E,10330599.702555308,2875014.7829054883,499823.4424495024,1034955.7215100458,5920805.755690272,0.0,40236089.51214662,4409793.946865037,0.6519612520556346,0.11334394497158569,0.23469480297277956,0.5731328215365601,3.8948454756401114,77.44758602217094
CE05,0,E,10407905.76554724,1857233.8832811243,689287.6205245671,1085078.3841348388,6776305.87760671,0.0,25608091.524043813,3631599.8879405307,0.511409279818641,0.1898027430867281,0.29878797709463073,0.6510729468783211,2.460446135937642,78.43004166550918
CE06,0,E,9476481.45442095,2790122.6670215675,293062.77345928125,1055640.1259948132,5337655.887945287,0.0,36284868.55614124,4138825.566475662,0.6741339112286975,0.07080819637171452,0.255057892399588,0.5632529239483894,3.8289389084609766,79.42233839158362
CE07,0,E,10077263.882027151,3280010.6292088535,321896.52009528666,1343575.128977667,5131781.603745345,0.0,39650123.60913324,4945482.278281808,0.6632337241633826,0.06508900486994001,0.27167727096667726,0.509243547040373,3.9346120210119166,80.42086258664854
CE08,0,E,10220115.760217195,5801671.74423876,334032.0650233848,1104840.9201492008,2979571.0308058495,0.0,61162949.714925334,7240544.729411347,0.8012755892070063,0.046133554519252516,0.15259085627374114,0.29153985147645023,5.98456525835139,81.41942300688463
CE09,0,E,9914736.682532638,3762421.493189884,323035.65077263326,1191796.721301449,4637482.8172686715,0.0,42911537.76127301,5277253.865263966,0.7129506347903711,0.06121283133618496,0.22583653387344402,0.4677363570773182,4.328056219271334,82.39301529006718
CE10,0,E,10069485.426967934,2813241.1526254695,134135.3470599006,1273530.4215959734,5848578.50568659,0.0,33363301.2471391,4220906.921281343,0.6665015848706402,0.031778797675827704,0.30171961745353226,0.5808219842121248,3.313307466316605,83.36237975411233
CE11,0,E,10070649.224970378,1427280.2409472598,300489.92893589986,1014954.3249180513,7327924.730169169,0.0,18678343.39967116,2742724.494801211,0.520387754458257,0.10955891833302016,0.3700533272087227,0.7276516703609764,1.8547308105377984,84.3324596341671
CE12,0,E,10072942.295638561,2353907.3776357914,340388.21929055004,972122.7494725246,6406523.949239693,0.0,28460798.423271716,3666418.3463988663,0.6420182192105233,0.09283943814673448,0.2651423426427422,0.636013168864635,2.8254702139607044,85.32438060744073
CE13,0,E,10075565.094349043,2674323.624055541,169620.54455428777,1612981.944910117,5618638.980829096,0.0,38706286.97027412,4456926.113519946,0.6000376842557619,0.0380577420926385,0.3619045736515996,0.557650010517063,3.8415996133043526,86.317332684458
CE14,0,E,10328089.325709565,2936249.665844816,174570.38997826673,1878834.8445597033,5338434.425326778,0.0,45939186.73771082,4989654.900382787,0.5884674841179013,0.034986465690217246,0.37654605019188125,0.5168849975026736,4.447985032754806,87.31161442968586
CE15,0,E,9815354.16962723,2886577.8937841672,182589.14093583048,1644486.9513591393,5101700.183548092,0.0,38434693.4955947,4713653.986079137,0.6123864633061984,0.03873622066343268,0.3488773160303689,0.5197673049165016,3.915772455213848,88.3060253146796
CE16,0,E,10330867.154681068,2494484.935958683,443674.8641092338,2028253.112582607,5364454.242030543,0.0,35749318.1704121,4966412.912650524,0.5022709508516081,0.0893350738073144,0.4083939753410775,0.5192646620762934,3.4604373122941143,89.3005610253125
CE17,0,E,9814673.747714862,2253356.044483798,187831.8376197067,1867383.2829492607,5506102.582662097,0.0,28540385.337485675,4308571.165052765,0.5229938088898207,0.04359492519079847,0.4334112659193809,0.5610071943495907,2.9079301127182853,90.29521743699546
CE18,0,E,10329485.882942678,2872753.956919113,249550.67079030952,1682385.6160801607,5524795.639153097,0.0,32918691.792124607,4804690.2437895825,0.5979061731674294,0.051938971739722915,0.35015485509284777,0.5348567878171285,3.186866429285122,91.2899906044085
CE19,0,E,9815460.244856741,2130539.0345780314,179085.52110179825,1340144.484759851,6165691.204417061,0.0,25590402.953642722,3649769.04043968,0.5837462620159027,0.04906763116173077,0.36718610682236663,0.6281611916922446,2.6071526260882147,92.28627777893058
CE20,0,E,10075447.694729824,2831692.9395841416,88663.88716795678,1799662.423877013,5355428.444100713,0.0,34017165.029524975,4720019.250629111,0.599932497988587,0.018784645244008094,0.3812828567674048,0.531532553824083,3.376243523880172,93.28613443642153
CE21,0,E,10326943.952538941,2996685.143729505,59715.92877176323,1701688.2897219188,5568854.590315755,0.0,34796750.07612729,4758089.362223188,0.6298085041280777,0.01255040084910497,0.35764109502281716,0.5392548478920155,3.3695108868652572,94.28599413428425
CE22,0,E,10072549.057032388,3145136.7924417835,72421.63589001824,1473403.7725624533,5381586.8561381325,0.0,35498427.00342901,4690962.200894255,0.6704673066523995,0.015438546035653887,0.31409414731194657,0.5342825163388855,3.524274421740835,95.28585677680859
CE23,0,E,9814373.518684626,3197336.68267532,27245.74644862156,1147305.6259206734,5442485.463640011,0.0,30365889.344585463,4371888.055044616,0.7313400165829934,0.006232032043268664,0.26242795137373776,0.5545423203303395,3.0940221794875464,96.28572227225918
CE24,0,E,10074424.699591093,3206374.9979731543,157672.5565281887,1418278.9674847173,5292098.177605035,0.0,34228147.73967859,4782326.52198606,0.6704634205197628,0.0329698434022252,0.2965667360780121,0.5253002861612369,3.3975287681755035,97.28559053267254
CE25,0,E,10068778.494124677,3125534.33829229,52053.87349527396,1583844.6402871523,5307345.642049963,0.0,34442280.81540647,4761432.852074717,0.6564272636818534,0.01093239684617044,0.3326403394719759,0.527109186595663,3.4207010150738935,98.28546147366366
CE26,0,E,10331062.844585553,2882052.3402559767,76555.39551319796,1604148.4101585238,5768306.698657855,0.0,30262676.087947056,4562756.145927698,0.6316472430437104,0.01677832280857796,0.35157443414771156,0.558345911300016,2.929289710381303,99.28533501424656
CE27,0,E,9813550.72444829,3077485.964656815,143292.63323097976,1131059.931982751,5461712.194577744,0.0,32817842.53852871,4351838.529870545,0.7071691524244954,0.032926918645403494,0.2599039289301014,0.5565480169141122,3.344135416426831,100.28521107666558
CE28,0,E,10329184.742647776,4317621.793381426,35545.19491843429,1342453.9480265002,4633563.806321418,0.0,42202692.5501919,5695620.936326359,0.7580598922663321,0.006240793640554443,0.23569931409311357,0.4485894987617051,4.085771878582325,101.28508958623446
CE29,0,E,9812776.360687526,3258422.673383855,38366.6619726742,1074849.7395866844,5441137.285744312,0.0,31785281.64811018,4371639.074943214,0.7453549155189991,0.008776264763616738,0.245868819717384,0.5544951893067582,3.239173143234986,102.28103871930816
CE30,0,E,10327432.585038189,2455617.1070486633,55951.206318873985,1805298.8845428766,6010565.387127776,0.0,29387676.247948047,4316867.197910414,0.5688424022488596,0.012961067309635388,0.41819653044150495,0.5819999634599938,2.845593617383984,103.27580762053448
CE31,0,E,9818987.312536651,2873738.9994528075,187761.47775340357,1240554.6564153936,5516932.178915048,0.0,31514558.884744197,4302055.133621605,0.6679921363614891,0.0436446005273159,0.28836326311119487,0.5618636630552684,3.209552867484323,104.27067659628311
CE32,0,E,10069138.912013933,2980763.692782413,39262.8022478889,1732844.6005557792,5316267.816427851,0.0,36022160.63088544,4752871.095586081,0.6271501231225486,0.008260859900945277,0.3645890169765062,0.5279764101858578,3.577481743538746,105.26564280913158
CE33,0,E,10070627.394982463,3583754.0497858683,88157.19099091175,1735685.7942334947,4663030.359972186,0.0,45505235.58844246,5407597.035010274,0.662725796057594,0.016302470472588433,0.32097173346981783,0.4630327562605951,4.518609794968162,106.26070352765743
CE34,0,E,10326874.478522178,2788576.9207361555,112953.2883258296,1905918.5580747123,5519425.711385479,0.0,40076953.5600512,4807448.767136697,0.5800533829499392,0.023495474168745905,0.396451142881315,0.5344720440695561,3.8808405818627123,107.2503053739547
CE35,0,E,9819454.080644228,2844116.0313325776,66634.52906138102,1640033.7300775265,5268669.790172742,0.0,37712262.03746362,4550784.290471486,0.6249727189415765,0.01464242750439778,0.36038485355402555,0.5365542469981263,3.840566056701741,108.23767235660841
CE36,0,E,10067913.842175413,3289155.211177691,59917.26397259281,1424900.4350463268,5293940.931978802,0.0,37974670.67858713,4773972.910196612,0.6889765134930835,0.012550817756970718,0.29847266874994555,0.5258230269911527,3.7718509786513823,109.22526919878227
CE37,0,E,10326788.380614307,4171672.2294407864,112496.7070270613,976151.6818469181,5066467.762299541,0.0,44115386.34682859,5260320.618314766,0.7930452404205836,0.021385903101682337,0.18556885647773405,0.490614078217235,4.271936706831626,110.21252917831293
CE38,0,E,9819296.158631088,3483239.056767692,83025.77670087627,1101963.4556737265,5151067.869488794,0.0,35650130.85129992,4668228.289142295,0.7461586797006613,0.017785286313864227,0.2360560339854744,0.5245862622201332,3.630619779195041,111.1938334449165
CE39,0,E,10325215.339973597,3369763.3493155385,48320.49795481363,1580844.7241207347,5326286.768582512,0.0,36667053.08659844,4998928.571391087,0.6740971192508579,0.009666170913373772,0.31623670983576824,0.5158523665808729,3.551214369800466,112.17546792624138
CE40,0,E,9813200.90861936,3469408.266645724,45525.770554486444,1603417.014321391,4694849.85709776,0.0,38828083.912100814,5118351.051521601,0.677837106466999,0.008894616663886778,0.31326827686911424,0.4784218626334319,3.9567195529438743,113.15742402850346
CE41,0,E,10278853.438458042,4435630.824236791,23539.84653293385,1483027.4331896615,4336655.334498656,0.0,48538727.72349697,5942198.103959387,0.7464629665041383,0.0039614711797051755,0.24957556231615624,0.4219006877044459,4.722192802349986,114.13969345088461
CE42,0,E,9863855.025813414,4226479.590289845,18471.915677448345,1152264.0340227014,4466639.485823417,0.0,48684970.43301726,5397215.539989995,0.7830851962413344,0.0034224899006873068,0.21349231385797823,0.4528289876660145,4.935694037028134,115.11665225289649
CE43,0,E,10069493.899400959,4314449.326756257,16195.186479336606,1061667.3627787572,4677182.023386606,0.0,52782931.79982996,5392311.87601435,0.8001112372501014,0.003003384606030437,0.1968853781438683,0.46449027827156786,5.241865413213077,116.08920409660561
CE44,0,E,54719058.291716784,26811039.732750453,308587.5487103032,3657381.6892447975,23942049.32101123,0.0,328045257.3521909,30777008.970705554,0.8711385748455925,0.010026560703284252,0.1188348644511232,0.4375449810077508,5.995082291133827,117.29213576223327
CW01,0,W,10196714.005058797,3970676.554734803,1466975.3020485674,647584.629322037,4111477.5189533904,0.0,34154961.02692374,6085236.4861054085,0.6525098184435658,0.24107120658303968,0.10641897497339424,0.40321592984893007,3.349604687351118,75.06784976796997
CW02,0,W,10081277.78463793,4836987.887982297,1337573.8344080013,850198.5548036165,3056517.5074440152,0.0,43262740.16483633,7024760.277193914,0.6885626978169941,0.19040846685551294,0.12102883532749302,0.303187509831502,4.291394512584609,74.06787553164024
CW03,0,W,9817492.005949045,4951302.509778581,1062564.2052912095,819835.2850060855,2983790.0058731684,0.0,42208806.77432541,6833702.000075875,0.7245417651696849,0.15548881196157102,0.11996942286874418,0.3039258910590505,4.299347200766591,73.0679020004994
CW04,0,W,10077031.69876338,5348033.98492297,582310.2749575746,1052764.579689415,3093922.8591934205,0.0,36684827.91102112,6983108.839569959,0.7658528755299077,0.08338840025776184,0.15075872421233052,0.3070272032163099,3.6404398644020306,72.06792920390195
CW05,0,W,10335452.652108494,4722745.296413198,440861.19724312576,1776656.4410846485,3395189.717367524,0.0,29274451.77620509,6940262.934740973,0.6804850681913628,0.06352226153223973,0.2559926702763975,0.3284993731430703,2.8324305438362125,71.06795717285436
CW06,0,W,10076688.381813347,4375502.242937395,465244.56808043836,1936247.3308223952,3299694.2399731204,0.0,29512134.039079882,6776994.141840228,0.645640552634338,0.06865057846340497,0.2857088689022573,0.3274582000499776,2.9287532690148583,70.06820944642425
CW07,0,W,10073291.017977696,4980693.293953271,595675.7583948174,1106359.3670914595,3390562.5985381487,0.0,33185560.95953773,6682728.419439549,0.7453083503236212,0.08913661022974417,0.16555503944663444,0.33658936215453794,3.294411022208314,69.06846976824262
CW08,0,W,9825638.90994846,4619053.433193311,405698.52357503853,1139672.0217962828,3661214.9313838286,0.0,31578268.186249617,6164423.978564632,0.7493081996395783,0.06581288454294544,0.18487891581747629,0.3726185100977859,3.213864103460653,68.06873773785814
CW09,0,W,10328733.261520505,4922029.156133076,393006.06590393663,1416563.5181183163,3597134.5213651774,0.0,34066313.149616405,6731598.740155327,0.7311827912100869,0.058382277535287,0.21043493125462645,0.3482648288310661,3.298208239778037,67.07006548974839
CW10,0,W,10079963.792025696,5154246.60869721,286406.17461299524,1349291.7363301597,3290019.272385332,0.0,39090531.80671323,6789944.519640365,0.7590999593278281,0.04218093001858062,0.19871911065359132,0.3263919732517373,3.8780428792450548,66.07144850192887
CW11,0,W,9814921.982680468,6679826.537578538,421289.4317715215,1268599.738055779,1445206.2752746283,0.0,56706565.438838825,8369715.707405837,0.7980947945063388,0.05033497510539681,0.1515702303882645,0.14724582404474096,5.777586978164873,65.07287399129483
CW12,0,W,10334890.901230903,4046260.8996152994,1125495.5981929104,1776850.9010761932,3386283.502346503,0.0,43666266.970292695,6948607.398884402,0.5823124933299478,0.1619742681639502,0.25571323850610217,0.3276554667783857,4.225130907293077,64.0774937884862
CW13,0,W,10073203.227118999,3666774.309672248,981739.9911923577,1546160.8329504577,3878528.093303935,0.0,37669900.55011944,6194675.133815063,0.5919235844437288,0.15848127141216875,0.24959514414410244,0.3850342344788788,3.739614867364616,63.082499171600915
CW14,0,W,9824551.812491383,3996806.851890295,321441.6716605392,1259925.0337098667,4246378.255230683,0.0,31280109.563567642,5578173.557260701,0.7165081564534583,0.0576248960992155,0.22586694744732605,0.432221065782527,3.183871403049316,62.08766538739049
CW15,0,W,10073773.698193477,4038305.810651294,394555.5138331693,1235674.4516938752,4405237.922015142,0.0,27861122.41404796,5668535.776178337,0.7124072194484542,0.06960448507553994,0.21798829547600618,0.43729768545476955,2.7657085863507413,61.09300029281672
CW16,0,W,10079703.114887673,3398845.327060236,471400.83796237124,788468.3699046117,5420988.579960454,0.0,24830242.41871248,4658714.534927218,0.7295672017631653,0.10118689059572004,0.16924590764111494,0.5378123262334661,2.4633902542266677,60.09851226361303
CW17,0,W,10074610.325217184,5042985.379748715,528108.9033582499,852862.0871414184,3650653.9549688,0.0,30727611.444968246,6423956.370248384,0.7850279623791603,0.08220929173867202,0.13276274588216766,0.362361802305252,3.0500049583114603,59.10421023769104
CW18,0,W,10079861.585584573,4063315.907074154,495206.01236790686,1194858.3893487367,4326481.276793775,0.0,36478227.831943825,5753380.308790798,0.7062484468244983,0.08607218466181762,0.2076793685136839,0.4292203062570987,3.6189215022666703,58.11757836311919
CW19,0,W,10073393.826404016,2955908.0947906496,1695968.6575549257,939783.9004649144,4481733.173593529,0.0,34231819.77775439,5591660.65281049,0.5286279476393021,0.30330321578125363,0.1680688365794442,0.44490796754577105,3.398240986868515,57.13435195759557
CW20,0,W,10080222.186362859,2213875.259694418,2247336.4534861543,903631.7846530691,4715378.6885292195,0.0,32923815.531238656,5364843.497833639,0.41266353074202367,0.4189006546777449,0.1684358145802318,0.4677851937538115,3.266179546694914,56.151717982938905
CW21,0,W,10074141.035661675,2295316.1363580744,1585896.5715321864,708123.7529708563,5484804.574800557,0.0,27800930.427491482,4589336.460861117,0.5001411763842206,0.3455611906115547,0.15429763300422475,0.5444438940635015,2.7596328390756444,55.16714064862096
CW22,0,W,10077089.544091169,2824678.4512708783,1699243.922812279,702413.9359699026,4850753.234038109,0.0,31273168.231340893,5226336.310053057,0.5404700891210352,0.32513099464030254,0.13439891623866274,0.48136450637003725,3.103392908687441,54.17669447282498
CW23,0,W,10077367.231337782,3209163.6069657267,1244332.6533801209,702693.8993120978,4921177.071679838,0.0,33977697.10072766,5156190.159657946,0.6223904680774259,0.2413279213625178,0.13628161056005614,0.4883395592031577,3.3716839250500437,53.18660583886615
CW24,0,W,10335956.527293604,3224447.982924787,1174148.7387379664,1038411.1216902491,4898948.6839406025,0.0,37523002.84161877,5437007.8433530005,0.5930556062866136,0.2159549466483516,0.1909894470650352,0.4739714869160114,3.630336751372144,52.19689509267777
CW25,0,W,10073265.338024516,2506587.276733368,1849403.4162035477,701225.4423516367,5016049.202735961,0.0,35250033.37714398,5057216.135288553,0.4956456694114277,0.36569594154749824,0.13865838904107394,0.4979566242339911,3.4993651208692294,51.20758414505701
CW26,0,W,9825551.016093116,2742369.6361623127,1473119.7955118218,759358.9281956393,4850702.656223342,0.0,36498329.62939325,4974848.359869774,0.5512468798614998,0.29611350717640433,0.15263961296209577,0.49368250679055575,3.7146343822970547,50.218696624167656
CW27,0,W,10330707.623827675,2832854.218142371,1116150.2888284419,552926.6341459088,5828776.482710953,0.0,36384409.75342517,4501931.141116721,0.6292531203486313,0.24792700151152838,0.12281987813984051,0.5642185119310643,3.5219668466373872,49.23025804611712
CW28,0,W,9824663.430425515,2900410.605043001,1540294.593377955,462886.85146436497,4921071.380540198,0.0,42400152.62178984,4903592.0498853205,0.5914869294868916,0.3141155662437249,0.09439750426938359,0.5008895638399555,4.315685002550103,48.237934174251144
CW29,0,W,10329826.553099955,2970327.976334247,1408021.9812250177,733572.242089006,5217904.353451688,0.0,43704874.59702834,5111922.19964827,0.5810589168470957,0.2754388518123178,0.1435022313405865,0.5051299096484644,4.230939829663705,47.245088436637566
CW30,0,W,9819448.42529988,2768809.209526181,1131984.0618097042,532563.291366278,5386091.862597717,0.0,41859238.99899905,4433356.562702164,0.6245401583125927,0.2553334129118077,0.12012642877559947,0.5485126688705256,4.2628910694360815,46.25255094988853
CW31,0,W,10076996.751608817,2947854.529912582,1207659.5479645375,679316.7610132253,5242165.912718471,0.0,39188696.31733943,4834830.838890344,0.609712030915471,0.24978320611558583,0.14050476296894335,0.520211134520962,3.888926163549954,45.26034199338702
CW32,0,W,10336176.328108575,2877778.610752809,1068241.674525601,983414.3828801174,5406741.659950047,0.0,39465238.219662145,4929434.6681585265,0.5837948577230767,0.21670673138765034,0.19949841088927311,0.523089147119787,3.818166115484982,44.268483657616706
CW33,0,W,10075770.397194117,3041542.3137084963,1027650.22304508,721977.9263058233,5284599.934134719,0.0,39163389.791349456,4791170.4630594,0.6348223961470827,0.21448834496046595,0.1506892588924512,0.5244859425941628,3.8868878753187555,43.27700005003813
CW34,0,W,10074372.750783375,2887257.95603153,785790.5544607425,353946.46382183,6047377.776469273,0.0,33594062.6230814,4026994.974314102,0.716975803160346,0.1951307512109777,0.08789344562867649,0.6002733794021106,3.3346058810926125,42.28591752956682
CW35,0,W,10076243.964327525,3308380.3444471476,627930.131021537,682901.0192012114,5457032.469657628,0.0,37074995.06694386,4619211.494669896,0.7162218807830482,0.13593881374474953,0.14783930547220242,0.5415740715465917,3.679445952102669,41.29251124658874
CW36,0,W,10078325.356479209,3664720.076262979,528688.8825197706,744252.0119691438,5140664.385727318,0.0,43235541.45634598,4937660.970751894,0.7421975907156957,0.10707273862086633,0.15072967066343784,0.5100712870340567,4.289952936332869,40.299222941384855
CW37,0,W,9824712.352413941,3416704.991922655,841271.7724790087,399933.6596613267,5166801.92835095,0.0,39620687.746791326,4657910.424062991,0.7335274148407389,0.1806114106731117,0.08586117448614942,0.5258985447122492,4.032758041720833,39.30627499915547
CW38,0,W,10328768.498617882,3759853.2808929444,771088.1120125265,371276.50847589824,5426550.597236514,0.0,36661757.61068214,4902217.90138137,0.766969840290754,0.1572937244987102,0.07573643521053566,0.5253821496689227,3.549480038746917,38.31369388272319
CW39,0,W,10076458.964547938,3559214.8129432537,339558.0618104523,649701.0966188618,5527984.993175371,0.0,29795809.6616155,4548473.971372568,0.7825074597204321,0.07465318345176454,0.1428393568278033,0.548603930470467,2.9569722624233634,37.32150885975553
CW40,0,W,10078706.99521353,3954838.881362437,121424.64111199473,659452.4714605295,5342991.001278566,0.0,29776829.04051128,4735715.993934961,0.8351089648170213,0.02564018646124545,0.13925084872173316,0.5301266326936582,2.9544294773776607,36.32975238284183
CW41,0,W,10080512.369288305,4151955.197451543,107820.8847824695,749619.7797494327,5071116.507304862,0.0,30064962.739175174,5009395.861983445,0.8288335184210412,0.021523730156909254,0.14964275142204964,0.503061384335456,2.982483591882919,35.33846053280176
CW42,0,W,9818353.019851264,4210989.628487022,52215.31575942694,367315.94185994467,5187832.133744871,0.0,33883308.563229375,4630520.886106393,0.9093986901391266,0.011276337380551709,0.07932497248032173,0.5283810964278671,3.451017547925025,34.347673537783876
CW43,0,W,10080967.866131922,4415861.41839848,89686.77386384853,411367.5457627539,5164052.12810684,0.0,30815152.56213002,4916915.738025082,0.8980958091773493,0.01824045369951203,0.08366373712313868,0.5122575725547166,3.0567652800141127,33.357436383630755
CW44,0,W,10076273.872125125,4393330.20433634,104364.23129398123,446009.9366866168,5132569.499808188,0.0,28445588.591000993,4943704.372316937,0.8886717071792347,0.02111053239315551,0.09021776042760986,0.5093717742236902,2.8230265425488787,32.36845714158092
CW45,0,W,10074274.132676816,3630279.1829841775,259889.79892524268,445237.7683931238,5738867.382374273,0.0,28832421.88334883,4335406.750302543,0.8373560756971283,0.059945886024905616,0.10269803827796625,0.5696556701549087,2.861985042657145,31.381110173809123
CW46,0,W,10080319.253913071,4117554.4237997914,185890.43696402755,337911.924706373,5438962.468442879,0.0,30442319.534875132,4641356.785470192,0.8871445601186772,0.04005088286812149,0.07280455701320124,0.5395625209322148,3.0199757337107904,30.394590534421283
CW47,0,W,10328497.64235834,4291656.294217339,292499.2118564082,252010.11934518255,5492332.016939409,0.0,30908960.52120006,4836165.625418928,0.8874088744315034,0.06048163659222708,0.05210948897626979,0.5317648516871158,2.992590170562552,29.40898148133527
CW48,0,W,10080373.267769756,3942883.862299032,446185.0070183847,357868.81055782543,5333435.587894514,0.0,29754802.102987703,4746937.679875243,0.8306163105985114,0.09399428370631381,0.07538940569517456,0.5290910808776544,2.9517559828983235,28.4243777378486
CW49,0,W,10073642.808139337,4172238.2742346367,394680.14305725094,272313.1292475382,5234411.26159991,0.0,29735905.7242678,4839231.546539427,0.8621695891402918,0.08155843324742125,0.05627197761228671,0.5196145387814022,2.951852303145162,27.440887518414776
CW50,0,W,9826024.88660862,3916337.083212669,231239.16480416688,249556.33183312512,5428892.306758656,0.0,26806062.742277227,4397132.579849961,0.8906570388983591,0.05258862693015665,0.0567543341714842,0.552501379693981,2.7280678658579243,26.45863499526536
CW51,0,W,10331928.424547112,4002809.3044887166,360174.2865359437,276558.6226714789,5692386.210850974,0.0,24972178.596017633,4639542.213696139,0.8627595396529084,0.07763142783197292,0.05960903251511869,0.5509509916199882,2.4169910562569794,25.47776332072862
CW52,0,W,10073737.002332918,3318977.322340483,555414.156899097,564471.3982147815,5634874.124878557,0.0,20087256.23429455,4438862.877454361,0.7477089096845181,0.12512532426269066,0.12716576605279137,0.5593628385944173,1.9940223007254068,24.49843835515752
CW53,0,W,9825149.246728785,3591901.27118273,430901.47397125844,371340.2494516709,5431006.252123125,0.0,22141352.306554575,4394142.9946056595,0.8174293088759792,0.09806268810556279,0.08450800301845794,0.5527657764518275,2.25353852145568,23.52085329778326
CW54,0,W,10328112.895243088,4137950.3323052195,437235.6508834241,278823.24878360523,5474103.663270838,0.0,21952539.512295745,4854009.231972248,0.8524809357694434,0.09007721864298339,0.057441845587573315,0.530019735337333,2.125513124707092,22.545234482484926
CW55,0,W,10080146.198123945,3740941.5467698034,351119.44560154935,205405.2183496812,5782679.987402912,0.0,22079290.514785077,4297466.210721034,0.8704993508586876,0.08170382927633028,0.04779681986498228,0.5736702497905387,2.19037403633038,21.573098494320607
CW56,0,W,9819949.89639037,3220258.8478865973,302827.24712856516,219664.97125543337,6077198.830119774,0.0,17222400.83582662,3742751.066270596,0.8603988859711614,0.08091033621167665,0.05869077781716191,0.6188625088966736,1.7538175874153141,20.60461978698445
CW57,0,W,10080205.917844798,2842863.3822598923,1178875.3160857253,277084.579669339,5781382.639829836,0.0,20895834.35218748,4298823.278014957,0.6613119913067524,0.2742320955864201,0.0644559131068274,0.5735381486200757,2.072957092592323,19.639300763691296
CW58,0,W,10072876.12820958,2557461.5770187373,1362235.1626773612,417446.3061758303,5735733.0823376505,0.0,21511561.687361266,4337143.045871929,0.5896650283307848,0.3140858275296983,0.09624914413951681,0.5694235697264708,2.1355927953007474,18.67763133824132
CW59,0,W,10080796.869262695,2698569.646236285,1548347.1314506978,342216.93989916035,5491663.151676552,0.0,24574396.91010162,4589133.717586145,0.5880346514844452,0.3373942069975504,0.07457114151800404,0.5447647862463287,2.4377434868300227,17.723817696776283
CW60,0,W,10332372.776663866,2225810.0480329324,1282143.4349330824,494858.57600067736,6329560.717697174,0.0,20109219.334037993,4002812.0589666925,0.5560615925114194,0.320310675606404,0.12362773188217656,0.6125950790309052,1.9462344002391765,16.780076676334108
CW61,0,W,9818221.53532428,989358.0359511132,3099178.176658809,322422.7244625017,5407262.598251851,0.0,18307328.3877857,4410958.937072425,0.22429545367922987,0.7026087118180585,0.07309583450271138,0.55073748120242,1.8646277558434659,15.843239339817512
CW62,0,W,10080305.985066075,1231464.9040497725,2965531.811786308,325190.604135072,5558118.665094922,0.0,20093866.260530777,4522187.319971152,0.2723162082674692,0.6557737665332328,0.07191002519929812,0.551383923596094,1.9933786028221507,14.914606675800426
CW63,0,W,10331291.01331344,1513928.32273398,2527039.3389941943,503425.67221613857,5786897.67936913,0.0,19257739.36635904,4544393.333944312,0.3331420085109499,0.5560784802931764,0.11077951119587388,0.5601330629358743,1.8640206089967375,13.995811938180719
CW64,0,W,10074892.197339468,1664248.3868020154,1881900.32578885,724499.77875441,5804243.705994191,0.0,20167028.59123735,4270648.491345274,0.3896945370649714,0.4406591480433555,0.1696463148916733,0.5761097580306566,2.0017116010991134,13.088927050144719
CW65,0,W,9824741.684840722,3281735.5131160966,688741.5876575244,511191.7355715884,5343072.848495511,0.0,21591404.01884452,4481668.83634521,0.7322574766127397,0.15367971459024435,0.1140628087970159,0.5438385068932358,2.1976561533581487,12.196608989350269
CW66,0,W,52713733.70366733,8703419.080074534,9136081.993930532,4866611.952991739,30007620.676670536,0.0,103102837.98863938,22706113.026996806,0.3833073089051596,0.4023622177458571,0.2143304733489832,0.5692562178456141,1.9559008771459203,11.20566293074749
T01,1,S1,49957584.54497942,2126359.299009136,20416616.689059027,7595753.846158467,19818854.710752774,0.0,159804187.93711764,30138729.834226627,0.07055238594011237,0.6774212716115589,0.2520263424483289,0.39671362999763976,3.1987973276257495,5.971615341400139
T02,1,S1,7736373.91838346,168842.77294060204,3361612.333802586,196947.44081947478,3981008.928192049,27962.44262874827,24566742.088446133,3755364.990191411,0.04496041619965044,0.8951492977600679,0.05989028604028163,0.5145833138613204,3.1754853562687457,6.801961127285092
T03,1,S1,12527499.592554098,92914.66342620851,2040743.8296080052,217344.27798037065,10060157.986657955,116338.83488156184,13278814.8027359,2467341.6058961456,0.037657802715348625,0.8271022645308983,0.13523993275375334,0.8030459639876865,1.0599732775587842,7.652820215724282
T04,1,S1,10093766.754095789,332759.16015337774,6038539.737549396,362502.18827493704,3311495.4700116324,48470.19810644411,30854073.081018575,6782271.284084156,0.04906308612783717,0.8903418168659719,0.06059509700619072,0.32807331006216417,3.0567452005465445,8.372399385085304
T05,1,S1,10102869.563115919,55908.198355042696,2887632.3788201427,126351.91019361909,7009188.554758319,23788.52098879346,15694916.455037855,3093681.008357598,0.01807173984777563,0.9333969375055755,0.04853132264664885,0.6937819508575889,1.5535107483063695,9.301594163967984
T06,1,S1,10140559.647151273,153133.0172424915,4581800.334915909,411632.71805725095,4967977.749672833,26015.82726278866,24087270.551592268,5172581.89747844,0.029604754507056075,0.8857859432152194,0.0846093022777246,0.4899115948761721,2.375339368804853,10.23720463219704
T07,1,S1,10088407.089639911,416215.889202821,3033005.7270883303,1420082.7928749537,5181526.4799690405,37576.200504766726,12233521.953242192,4906880.609670871,0.0848229093617052,0.6181128028896079,0.29706428774868704,0.513611954189488,1.212631671634778,11.19354727401308
T08,1,S1,10262909.953603916,242483.9221628227,2119809.963492689,984970.2901678346,6859662.836509344,55982.94127122467,9985345.88368916,3403247.117094571,0.07125075371248289,0.622878648113693,0.3058705981738242,0.6683935518795534,0.972954642380226,12.156950068809373
T09,1,S1,9911602.83862628,286998.6079814836,2827130.824727257,506409.23253116984,5963389.698945109,327674.47444125905,13079374.547471054,3948213.1396811698,0.07269075853505205,0.7160532435074051,0.2112559979575428,0.6016574509730475,1.3196023650685158,13.101276299579027
T10,1,S1,10210295.576129569,323867.96277391026,3592997.9187849755,645550.6916881786,5419915.858397779,227963.14448472566,16522806.820354179,4790379.71773179,0.06760799390810285,0.7500444913553187,0.18234751473657848,0.5308284973717005,1.6182496086579996,14.049016771325038
T11,1,S1,9596474.92981666,335862.855499477,4011082.0901459632,596141.1683135986,4620042.68590752,33346.129950100774,18402944.304300014,4976432.24390914,0.0674906919330718,0.8060156139079943,0.1264936941589338,0.4814312254964424,1.917677526267617,15.00476198857581
T12,1,S1,10625580.641827242,1480354.844134701,4777849.710192244,1460740.1595708812,2894643.5337134874,11992.394215931612,25314776.643996987,7730937.108113756,0.19148452812803796,0.6180168902393224,0.19049858163263983,0.2724221509663971,2.382437016603706,15.971880047374787
T13,1,S1,10052155.2013925,512181.53160708543,3400995.627850522,818741.775180772,5314207.163204387,6029.103549732881,20618869.29417207,4737948.038188112,0.10810197314932017,0.7178203729627926,0.1740776538878873,0.52866346139067,2.051188912335515,16.96954984089227
T14,1,S1,10127629.201686395,358477.90762613335,2603794.9149928973,520359.69303391397,6636016.338534337,8980.347499114392,17626355.54272296,3491612.863152059,0.10266828588279311,0.7457284117811153,0.15160330233609168,0.6552388724331796,1.7404226785660675,17.96526914070963
T15,1,S1,9363874.34455028,352557.75517272955,2415514.547088833,181302.05264826756,6393493.579778425,21006.409862024644,16160532.31079341,2970380.764771854,0.11869109824369889,0.8132003060807463,0.06810859567555505,0.6827829319921834,1.7258382285104823,18.955006864404385
T16,1,S1,10442359.762716824,618999.2196480246,3436424.884927996,497617.790984539,5849830.036653466,39487.830502798046,25078734.68324612,4592529.726063358,0.13478393316326354,0.7482640483360886,0.11695201850064786,0.560201924620484,2.401634807947021,19.90460322381799
T17,1,S1,10242282.610973343,1075325.189377519,3093412.585109606,440432.20750723453,5602142.137176244,30970.49180273916,26375942.82140087,4640140.473797099,0.23174410245764906,0.6666635638679745,0.10159233367437637,0.5469622690526269,2.575201624796244,20.840364056878634
T18,1,S1,9493064.177177848,2010110.070594518,2938417.343010278,528918.1403489356,3988438.3384378464,27180.284786269243,34688718.91881077,5504625.838740001,0.3651674299909598,0.5338087327081392,0.10102383730090085,0.42014235488119833,3.6541119149078827,21.760906554894262
T19,1,S1,10937164.19160228,3980174.368341424,5725217.9744000025,519261.9426102284,692166.7077555635,20343.198495064527,75815764.63974795,10244997.483846718,0.3884993016949943,0.5588305886289333,0.05267010967607245,0.06328575631030753,6.9319398805368975,22.688685976252692
T20,1,S1,9657240.88359082,2739896.219379291,2615143.5605514827,290152.38722414506,3977771.2105255728,34277.50591032739,53093174.87645186,5679469.673065245,0.482421137377172,0.4604555902382473,0.05712327238458086,0.4118952046939655,5.497758160580375,23.68460270688035
T21,1,S1,10070725.66199772,2276172.0248537846,3375589.285256629,239387.61632756251,4137486.150424912,42090.58513482785,50870782.55938523,5933239.511572803,0.3836305647891179,0.568928538730407,0.04744089648047516,0.4108429014244603,5.051352232873161,24.681466691378745
T22,1,S1,10069242.190237278,2631185.0938121113,2778472.882776866,390472.4939539891,4225856.200639881,43255.5190544278,52568431.02694306,5843385.989597395,0.4502843211960054,0.47549021880861597,0.07422545999537855,0.4196796661358585,5.220693874849017,25.678515455516195
T23,1,S1,9661845.973159852,2728503.6126132743,2800813.1000706097,373289.55035615806,3722923.092843718,36316.617276090736,54843463.34566942,5938922.880316133,0.45942735199619805,0.47160287421033503,0.06896977379346693,0.38532213235295004,5.676292449498983,26.675373084625296
T24,1,S1,10062273.44318674,3790102.456803774,3836809.819167642,617926.2894822364,1778843.374966969,38591.50276611926,70945974.12920345,8283430.068219773,0.4575522972475968,0.4631909471763341,0.07925675557606908,0.176783446107941,7.050690336510547,27.673876371643445
T25,1,S1,10199650.084566336,4380780.247659632,2051910.551248019,255488.1731654747,3471497.487440072,39973.62505313649,59315243.88429969,6728152.597126261,0.6511119039616844,0.3049738426153465,0.043914253422969216,0.34035456693685895,5.815419489150213,28.66644420400865
T26,1,S1,11074903.67202265,1178593.9375930186,251861.7907606836,107944.16170280307,9489274.206983916,47229.574982228,16044401.826650374,1585629.4650387333,0.7432971974724425,0.15884025638646365,0.0978625461410939,0.8568267939842817,1.4487170545041974,29.641962903374356
T27,1,S1,9588432.64389873,2356670.5489980658,1540303.4682842176,133003.1424264945,5518567.81842768,39887.66576226926,34326188.30964134,4069864.825471048,0.5790537646972842,0.3784655103639572,0.04248072493875846,0.5755443067057713,3.579958225131157,30.634251566868905
T28,1,S1,9968192.268951027,3789152.01919056,1885044.4697463987,242807.4018324908,4010330.1563701853,40858.22181139179,46750869.912481025,5957862.112580841,0.6359918956817155,0.31639612232143965,0.04761198199684477,0.4023126809924785,4.690004832481097,31.613410427360563
T29,1,S1,9975855.161239268,3285337.179636099,1577103.1662908813,372670.69715235103,4691247.482664758,49496.63549517463,43816165.67729041,5284607.678574505,0.6216804310669853,0.2984333487393896,0.07988622019362523,0.4702601838980569,4.392221515758982,32.60282220576609
T30,1,S1,10101986.86239217,3057676.356319861,1175270.667040477,807718.4835083305,5009201.4508783985,52119.90464510451,44005802.680722974,5092785.411513774,0.6003937156682596,0.23077168426995257,0.16883460006178774,0.49586299399445166,4.356153228089065,33.59469729495811
T31,1,S1,10207072.607354706,2987119.864992658,1658505.0479460773,587325.0134549309,4942508.140854302,31614.54010673972,43021303.002019964,5264564.466500405,0.5674011371691554,0.31503176729993787,0.11756709553090681,0.48422386427358005,4.2148522555841295,34.58604854594973
T32,1,S1,9953839.258120608,2361207.804499009,1940610.1506130742,188215.6963572783,5421896.82765123,41908.77900001676,39573292.49044758,4531942.430469379,0.521014518768822,0.4282071496685104,0.05077833156266744,0.5447040771959324,3.9756812888215602,35.576113320886954
T33,1,S1,10219222.850790823,2297266.8059279798,2748029.890298612,362583.6002833048,4774243.776599211,37098.77768171721,46277350.60557359,5444979.074191614,0.4219055343695774,0.5046906246754671,0.07340384095495549,0.4671826660703218,4.5284608508163,36.55976083207826
T34,1,S1,10091158.551534073,2925947.5336679495,1822122.1552592258,523105.1999420166,4783632.5411289595,36351.12153592577,53205306.37431004,5307526.010405119,0.5512827498031638,0.3433091334243211,0.10540811677251481,0.47404195630260354,5.2724675866104285,37.544699843546425
T35,1,S1,10024662.77347068,2544410.7909057615,1233167.4080952066,230939.19314413634,5981431.57133463,34713.80999094645,41596378.94235715,4043231.202136051,0.6293013344281528,0.30499552126618945,0.0657031443056577,0.5966715994840168,4.149404312376276,38.531728115733536
T36,1,S1,10010822.942421198,2856325.5318470676,2001237.8478703517,781818.2276231354,4338851.093952732,32590.241127911737,55800962.1597759,5671971.848468466,0.5035859852898118,0.3528292984054076,0.14358471630478067,0.4334160257261873,5.57406343921212,39.504690077538406
T37,1,S1,10218061.2663173,3241155.1544794715,1530276.1031930363,645878.8749081482,4772636.747960947,28114.385775697,49908759.59735275,5445424.518356352,0.5952070666949181,0.28102053348357403,0.12377239982150802,0.4670785018380553,4.884366837951091,40.48071473914294
T38,1,S1,9785050.496840205,3677680.036748998,1161721.4371848612,243677.83068383907,4680311.708424737,21659.483797768982,48811161.36239525,5104738.788415467,0.72044431442702,0.22757705836412923,0.051978627208850756,0.4783124737001721,4.988340262337673,41.458965708558516
T39,1,S1,10837279.811851079,4178897.092122875,1463556.159862174,448560.3805885764,4721214.616249772,25051.563027684828,60888922.98743687,6116065.195601309,0.6832656223364574,0.2392970174540925,0.07743736020945038,0.4356457245928909,5.618469214096692,42.42716594992417
T40,1,S1,9624278.767079672,3393169.40459514,1507449.2988587325,544072.812740311,4152478.472545578,27108.77833990957,50920976.527629055,5471800.294534092,0.6201193797194418,0.2754942098973456,0.10438641038321285,0.4314586654274125,5.290887531417607,43.40029331866882
T41,1,S1,9952654.368185693,3648127.673504221,792188.145208112,952484.8243471333,4531130.2320715515,28723.49305467793,51825309.641588986,5421524.136114142,0.6728970639830082,0.14611908484021063,0.1809838511767816,0.45526852078332025,5.207184709161805,44.38852743711464
T42,1,S1,10025003.787071258,2970444.2818767773,2173098.66071903,352182.93970869476,4500761.583478682,28516.321288075163,46172803.178178705,5524242.203592577,0.5377107252728728,0.3933749789800672,0.06891429574706012,0.4489536043151512,4.605764163174227,45.37748146265559
T43,1,S1,10269679.380929714,3874807.486963877,2130815.546437671,368010.10589497886,3862637.2806413844,33408.96099180334,50580231.99996293,6407042.1002883315,0.6047732208267371,0.3325739886026002,0.06265279057066246,0.376120532819565,4.925200692622198,46.370129310959655
T44,1,S1,9968720.787373085,3554522.724899621,1885163.3329982383,300809.2740594602,4190460.405413879,37765.05000188491,50421183.32217395,5778260.381959205,0.6151544738270185,0.326251018192961,0.05859450798002054,0.42036089632701323,5.057939167685399,47.367755312895035
T45,1,S1,10112168.110901,4338342.127138144,1471205.4655173807,514402.576772084,3760239.7580427285,27978.183430660472,63174135.37573416,6351928.35285827,0.682996073969562,0.23161556361941033,0.08538836241102775,0.37185297127222,6.247338323779638,48.36637236132976
T46,1,S1,10236241.992276926,3743031.0857055057,1093292.7750507728,795610.8989105823,4570879.669239059,33427.563371007585,54184964.133728,5665362.32303787,0.6606869732734807,0.19297843857310953,0.14633458815340947,0.4465388443031839,5.293443059924693,49.36616411579696
T47,1,S1,55056163.81756725,21641137.82156121,5732542.055713939,2651291.346755892,24986368.003760606,44824.58977559408,266926459.59431702,30069795.813806627,0.7196968664358081,0.19064120325957873,0.08966193030461342,0.4538341626299068,4.848257508074808,50.628975277371794
